case,addends,subtrahends,expected
zero,0000000000000000*1,,0000000000000000
negative_zero,8000000000000000*1,,0000000000000000
min_subnormal,0000000000000001*1,,0000000000000001
subnormal_carry,000fffffffffffff*1 0000000000000001*1,,0010000000000000
even_midpoint,3ff0000000000000*1 3ca0000000000000*1,,3ff0000000000000
odd_midpoint,3ff0000000000001*1 3ca0000000000000*1,,3ff0000000000002
midpoint_sticky,3ff0000000000000*1 3ca0000000000000*1 0000000000000001*1,,3ff0000000000001
below_midpoint,3ff0000000000000*1 3c9fffffffffffff*1,,3ff0000000000000
round_significand_carry,3fffffffffffffff*1 3ca0000000000000*1,,4000000000000000
max_finite,7fefffffffffffff*1,,7fefffffffffffff
overflow_below_midpoint,7fefffffffffffff*1 7c80000000000000*1,,7fefffffffffffff
overflow_midpoint,7fefffffffffffff*1 7c90000000000000*1,,overflow
overflow_sticky,7fefffffffffffff*1 7c90000000000000*1 0000000000000001*1,,overflow
capacity_cancellation,7fefffffffffffff*1326 0000000000000001*1,7fefffffffffffff*1326,0000000000000001
capacity_overflow,7fefffffffffffff*1327,,overflow
capacity_max_residual,7fefffffffffffff*1327,7fefffffffffffff*1326,7fefffffffffffff
all_cancel,7e37e43c8800759c*1 54b249ad2594c37d*1 0000000000000001*1,7e37e43c8800759c*1 54b249ad2594c37d*1 0000000000000001*1,0000000000000000
span_000,00023c39e96e9451*1 0039bafc791bb298*1 004d30414063e4e1*1 00263c7d9662d124*1 0014949f5debdc14*1,00263c7d9662d124*1 0014949f5debdc14*1 004d30414063e4e1*1,003a4a0af37757ac
span_001,007c96fe2a8bac1a*1 006b2debc0e631fd*1 004dd6dab3df4d49*1 005f6aabba5eaf3f*1 003651be2d55de1d*1 008df0f2d4bd9fef*1,007c96fe2a8bac1a*1 006b2debc0e631fd*1 003651be2d55de1d*1,0091dddafba3b556
span_002,006ba33963a8b9a4*1 0086efae05d36a0a*1 009a25aded368a6c*1 00714ec75b125045*1,00714ec75b125045*1,00a488f60e4aab53
span_003,009236d6e5b18ca3*1 00bd15781290f3f0*1 00ab4b70beace5d7*1,009236d6e5b18ca3*1 00bd15781290f3f0*1,00ab4b70beace5d7
span_004,00cdbd609a8fed86*1 00df61fd4109e2e0*1 00e4ffdcc68f4071*1,00e4ffdcc68f4071*1 00df61fd4109e2e0*1,00cdbd609a8fed86
span_005,00f0b51d7d61069e*1 012c8dcd3f772083*1 01157c8aa51bee9e*1 01087d4333ffd763*1,01157c8aa51bee9e*1 012c8dcd3f772083*1 00f0b51d7d61069e*1,01087d4333ffd763
span_006,0147617e466a8b31*1 01318e54d03e4f7a*1 0167dbe0983b1546*1 015ef5908274cc29*1 017cf34c20054e06*1 012648205fcfea83*1,0147617e466a8b31*1 015ef5908274cc29*1,018556315e129e7a
span_007,016260909ec05db2*1 0178c8755af64d6b*1 015adc97bf8104ae*1,016260909ec05db2*1 0178c8755af64d6b*1,015adc97bf8104ae
span_008,01c671b4cba7f277*1 0186edc4e242ca0f*1 019e585d6065e704*1 01aa10cc7c1edf0c*1 01bebe5efc3f349d*1,0186edc4e242ca0f*1 01aa10cc7c1edf0c*1,01d4cdf7faea24d3
span_009,01b19dbf9a7a5ace*1 01cd055c1f9b7895*1 01d34716ee0df47d*1 01f11e4e44427504*1 01e9d7df975f6b92*1,01b19dbf9a7a5ace*1 01f11e4e44427504*1 01e9d7df975f6b92*1 01d34716ee0df47d*1,01cd055c1f9b7895
span_010,01ea7954b8378b68*1 020a1061ffbefe0b*1 01ff6a6fc106aa7a*1 0218d74629f91c4a*1,01ea7954b8378b68*1 020a1061ffbefe0b*1 0218d74629f91c4a*1,01ff6a6fc106aa7a
span_011,02352c9c6f763063*1 021b01a7b9bd0ed4*1 024c6b56e65d255d*1 022c72f6f2ab4d24*1,02352c9c6f763063*1 024c6b56e65d255d*1 022c72f6f2ab4d24*1,021b01a7b9bd0ed4
span_012,02829370e9e91571*1 02540edb1a78fc0c*1 024b04e50adc9a43*1 029bffa50cc64762*1 02795f9835c7491c*1 026f5bfbd76322d4*1,02540edb1a78fc0c*1 02829370e9e91571*1 026f5bfbd76322d4*1,02a197d921477f3e
span_013,02818dd782d242cc*1 027915f70200c38c*1 029c638222ab2459*1,029c638222ab2459*1 027915f70200c38c*1,02818dd782d242cc
span_014,02cfd252aeefcf66*1 02f3cdc62170de11*1 02e7bbdbb966759b*1 02df22c46dc7aab6*1 02a583ca4b31af51*1 02b8c74916b7d213*1,02f3cdc62170de11*1 02df22c46dc7aab6*1 02a583ca4b31af51*1 02cfd252aeefcf66*1 02b8c74916b7d213*1,02e7bbdbb966759b
span_015,02d3a8d698b72a18*1 02e71073a6b2b465*1 02f882f36b35e37a*1 031ebed15da6c951*1 030da9f08978c761*1 032c4eedd6cef167*1,02f882f36b35e37a*1 030da9f08978c761*1 032c4eedd6cef167*1,03216db69e044940
span_016,031fbe68fb08688b*1 0338aff5a9e8ce34*1 032a5c85db381998*1 030ca71deb86a246*1,0338aff5a9e8ce34*1 030ca71deb86a246*1 032a5c85db381998*1,031fbe68fb08688b
span_017,0341ee080aeeb37d*1 035119c48d7d470b*1 03631dcc5b106219*1 0371e70c0fa9a550*1 038805a3bde13d13*1 033fc6cd7ba53acb*1,0341ee080aeeb37d*1 03631dcc5b106219*1 033fc6cd7ba53acb*1,03918e312bb2dc4e
span_018,03ba4c177fcecf8b*1 036a266c283f238e*1 037de4cd76bb2914*1 039f26add29c2335*1 0389f19f6d62b81c*1 03a903068b037795*1,03ba4c177fcecf8b*1 03a903068b037795*1 039f26add29c2335*1,0397b6d099680ac5
span_019,03ba4ddc1970b245*1 03aff36ab8ad681a*1 03990c17efb612e8*1 03c15a5f9ef9f33f*1,03aff36ab8ad681a*1 03ba4ddc1970b245*1 03c15a5f9ef9f33f*1,03990c17efb612e8
span_020,03d0ee3ee45ef2a0*1 03e1d67b5aa9a5f8*1 03c58798dd905299*1,03e1d67b5aa9a5f8*1,03dbb20b53271bec
span_021,043ec3048eb2e7b7*1 041e6e1efef648f7*1 044f089d940d639c*1 03f53460f2e6eafd*1 04080357e975755c*1 042997e88a842f29*1,03f53460f2e6eafd*1 041e6e1efef648f7*1,045b2827be4f9d4c
span_022,0438aa463c1091c5*1 044c485cea46693e*1 042f907e9e1f8078*1,0438aa463c1091c5*1 044c485cea46693e*1,042f907e9e1f8078
span_023,047b0ada76e721ed*1 0465a2b98d635c87*1 0484e175be14401b*1 045e02aab365f2c3*1 04aa446d11a94916*1 049e17eb9f4f3df8*1,0465a2b98d635c87*1 04aa446d11a94916*1 045e02aab365f2c3*1,04a7a5ae8e099340
span_024,04ac2b86b6feb147*1 0489aa1a2d97ee0b*1 0499ffb69e7fbb94*1,0489aa1a2d97ee0b*1,04b495b1031f4788
span_025,04d913697c612c0a*1 050ef48f3b2a5634*1 04f52f2e97d4294f*1 04b38f1dade8cb17*1 04eb83092fd689ac*1 04cd2c310bad80e9*1,04b38f1dade8cb17*1 04cd2c310bad80e9*1,0519c7ab014b1964
span_026,052d7c441b8445d4*1 0517787b82bfd3df*1 04efe5cc88f23999*1 04fd7e3b80ae2e95*1 050e4407d8270c0e*1,050e4407d8270c0e*1 04fd7e3b80ae2e95*1 052d7c441b8445d4*1 0517787b82bfd3df*1,04efe5cc88f23999
span_027,053d8c29f1df1793*1 05403bc13c215b47*1 0553547f5e259961*1 051c0a7d0922269d*1 0524cfd4886d8c03*1 056d27de4c0a4f86*1,051c0a7d0922269d*1 05403bc13c215b47*1,0575e85040efebf5
span_028,055dbc42aa15491c*1 054c9bdddad5bff8*1 056106b0a88ea7ac*1,,057385e4ba275e1c
span_029,058fea766ff90a2a*1 05bd4e98075464ce*1 05a1b84d2fa2e7bf*1 059f35317b9da66d*1 057859221b635f14*1,057859221b635f14*1 05bd4e98075464ce*1 05a1b84d2fa2e7bf*1,05a7953659cd15c1
span_030,05a7181ad85c0d52*1 05bf4e978eadc86b*1 05f6711d9a2362af*1 05ed95cc0e6d50f2*1 05cee76afb4e5c69*1 05dcc8236ef26d26*1,05ed95cc0e6d50f2*1,060216df127bc33b
span_031,0609517c1cd68f4d*1 05dc1dff1a20d889*1 061e09c2b904a1ee*1 05f2a91b457ad9d0*1 05e6a62fea4721fd*1,0609517c1cd68f4d*1 05e6a62fea4721fd*1,06223af4be02b2f5
span_032,061668bb187cef11*1 0629a41f06f4cde8*1 060fe13ef1186429*1,061668bb187cef11*1 060fe13ef1186429*1,0629a41f06f4cde8
span_033,065895c64a53a0b0*1 06333cc8566d360d*1 066049bf1dd92579*1 06469b186557254f*1,065895c64a53a0b0*1 06469b186557254f*1 066049bf1dd92579*1,06333cc8566d360d
span_034,066bfcb28d34c519*1 06935db5c74cd872*1 06872473226a265f*1 06bbba0e4060ebab*1 06a918b6de632b0b*1 067a796622429d5b*1,06872473226a265f*1 06bbba0e4060ebab*1,06b3eb44d7929ba0
span_035,06a11ff818791d4f*1 0694032b403bbb9d*1 06b355208bcacc0a*1 06caad0f5e2e513e*1,06a11ff818791d4f*1,06d36c02860d975b
span_036,06c4c6f04fab58e0*1 06e0a8df73eb71b7*1 06f960791bee23c3*1 06d9edc566255caf*1,06e0a8df73eb71b7*1 06f960791bee23c3*1 06d9edc566255caf*1,06c4c6f04fab58e0
span_037,070abf118e05d25d*1 0714816f1f46768e*1 06fe598ceb8cd4c7*1,06fe598ceb8cd4c7*1 0714816f1f46768e*1,070abf118e05d25d
span_038,074f225a3537becb*1 072f01c0a94c6cd3*1 0758a9e571220567*1 073d4edcc262649c*1 0760d39d83d2503b*1,074f225a3537becb*1,07716143efa23328
span_039,07637b6e6a41da4f*1 07768f5790912fc2*1 079d66b5f498d85d*1 07837e9670dde151*1 0753768532093163*1,07637b6e6a41da4f*1 07837e9670dde151*1 07768f5790912fc2*1,079e9e1e47b96b73
span_040,0786c6f7a26fa7e5*1 07a75d26d7ebdef5*1 07b4db0fc1bfe18a*1 07cb664583c3d795*1 079d14f497a2bb23*1,07cb664583c3d795*1 07a75d26d7ebdef5*1 07b4db0fc1bfe18a*1,07a43c38346d478b
span_041,07b708e45edf2fcd*1 07d05917fcf42d37*1 07c2f873f0ced06e*1,,07df978b0d136161
span_042,07e76f93959a7fb5*1 07f064b6e9a9c8f6*1 080744f396a122bc*1 081cfbd27b013077*1,081cfbd27b013077*1 080744f396a122bc*1,07fc1c80b47708d0
span_043,0837ef483ab28177*1 084bebcabc10c71f*1 086a3350e896c557*1 082bd005a74785f4*1 0859a31a451dabdb*1 081d9718799aa61b*1,081d9718799aa61b*1,08795d5d0dfa4acd
span_044,0862655b528c37dc*1 084cac43c8f95c29*1 085419345c16a5df*1,084cac43c8f95c29*1 0862655b528c37dc*1,085419345c16a5df
span_045,0881caca5afe9df5*1 087ee24606124a2d*1 08ac75e9f92c9395*1 0896a6f6959f8158*1,0881caca5afe9df5*1 087ee24606124a2d*1 08ac75e9f92c9395*1,0896a6f6959f8158
span_046,08ca05a8622819d2*1 08af4d47cdf08396*1 08ecd6f4f9b9170b*1 08fe9fe3090848fc*1 08b794180c551c57*1 08d1403eb0a7d4cf*1,08ca05a8622819d2*1 08af4d47cdf08396*1,09096a57596a0dbd
span_047,08efc5baf320359f*1 091afc8262b5ac7b*1 092f498508f7528d*1 08f22c930c08ceb8*1 09012c661af7f4d3*1 08d9d3896f9534d0*1,091afc8262b5ac7b*1 08efc5baf320359f*1 08f22c930c08ceb8*1 08d9d3896f9534d0*1,0931ca4f47daa7e1
span_048,09341bd593720de0*1 092804ffc6c4d64e*1 090dc9724c208911*1 09464f444575ea7d*1 091f6f1e4e9f8924*1,091f6f1e4e9f8924*1 092804ffc6c4d64e*1 09464f444575ea7d*1 090dc9724c208911*1,09341bd593720de0
span_049,093cf68673d15ccc*1 0976cd4b6d6b7087*1 09468920a1e5c210*1 095a53e1ebbd6abf*1 096951f6d6d08811*1,093cf68673d15ccc*1 096951f6d6d08811*1,098019b3fe4bc1bc
span_050,09644cd0484acbf6*1 09a2f25ffea2e04c*1 09830c6fc76668e0*1 0972d860102d5d70*1 0993f5215bbd2609*1,0993f5215bbd2609*1 09830c6fc76668e0*1,09a69239052d38b9
span_051,09d61121c2096572*1 09c517bb141650e3*1 0993bb731a1863a1*1 09a5fa8319d2c369*1 09b9db4f29398f79*1,09b9db4f29398f79*1 0993bb731a1863a1*1 09c517bb141650e3*1 09a5fa8319d2c369*1,09d61121c2096572
span_052,09e305d9694f958d*1 09cda8d8c9406049*1 09d81f2784d33b57*1,,09f33fd1af04a5a5
span_053,0a199929292a832a*1 0a015953045f9f6b*1 09f1f078523fd920*1,0a015953045f9f6b*1 09f1f078523fd920*1,0a199929292a832a
span_054,0a4ad18af94a1b57*1 0a33740732a1fc85*1 0a2e3f0fdea21932*1 0a50f99f976db500*1,,0a6383a46e47c27a
span_055,0a54c94e0cd9d384*1 0a83a1fe1ee52a82*1 0a7f2fdeb373286b*1 0a6c1f8d2b171f35*1,0a54c94e0cd9d384*1 0a7f2fdeb373286b*1,0a8aa9e169aaf24f
span_056,0ab2c8499f2ee390*1 0aa86769b0bc5588*1 0a990683afe17f81*1 0a8bae166c371c0c*1,0a990683afe17f81*1 0aa86769b0bc5588*1,0ab63e0c6cb5c712
span_057,0ace1d8fe9468692*1 0ab40d0654e55d29*1 0ad2d7c7697d8364*1,0ab40d0654e55d29*1,0ae0f347af106356
span_058,0ae17815204290e4*1 0b23d09d2bd3fbfa*1 0b19c161c3efc07b*1 0afe4d5bb5ccbb7d*1 0b00f19c7cbda940*1,0ae17815204290e4*1 0b19c161c3efc07b*1 0afe4d5bb5ccbb7d*1 0b00f19c7cbda940*1,0b23d09d2bd3fbfa
span_059,0b173e571e8c1c5f*1 0b23d7599948f237*1 0b382f757a4e56bd*1,0b382f757a4e56bd*1,0b2f7685288f0066
span_060,0b88f93f8563fc46*1 0b483242b4dc1df5*1 0b72713764cabb12*1 0b6f5996e21031b4*1 0b5006b855697679*1,0b6f5996e21031b4*1 0b5006b855697679*1,0b91da7fb18b8dd7
span_061,0ba47b4be69d6aca*1 0bc2372cfd7e058f*1 0b983bad890430c6*1 0b75219e00cf543b*1 0bb761950b4b6ab0*1 0b82fe1279e6b211*1,0b82fe1279e6b211*1,0bd35ba68ef90b2a
span_062,0bcb20a3a3319908*1 0bb3d06dccef6485*1 0ba0a43ba0193656*1 0bd3254bf3ae7e74*1,0bb3d06dccef6485*1 0bd3254bf3ae7e74*1,0bcf49b28b37e69e
span_063,0bd1b4581641e24c*1 0be96670f1b9f9f7*1 0bfcd653533603b0*1 0c0c00711e608a5f*1,0bfcd653533603b0*1 0bd1b4581641e24c*1,0c112d06ad67846e
span_064,0c3ebc9bc13e33eb*1 0c46748ddf122eb4*1 0c23661f47297579*1 0c0f791a38a79138*1 0c1e2be449a3f6cb*1,0c3ebc9bc13e33eb*1 0c0f791a38a79138*1 0c46748ddf122eb4*1 0c1e2be449a3f6cb*1,0c23661f47297579
span_065,0c54f05b8e81b179*1 0c4239ebdba87fd3*1 0c3e8a1cfd3b599a*1,0c54f05b8e81b179*1 0c3e8a1cfd3b599a*1,0c4239ebdba87fd3
span_066,0c6481a5edeb8670*1 0c74c1e71bb17624*1 0c836898c9d647d1*1,0c836898c9d647d1*1,0c7f02ba12a7395c
span_067,0cdbf159dcc22cb6*1 0ce816b3cdf6e576*1 0cb36115e891254b*1 0cc309b38ba1ade6*1 0c9ace2258dabe3c*1 0ca70cb7aaa1f43c*1,0cdbf159dcc22cb6*1 0ce816b3cdf6e576*1 0c9ace2258dabe3c*1,0cd13eb635495ecd
span_068,0cdfff982f16aa6e*1 0ce080a018ff496d*1 0d17282ad71e3138*1 0cf490059b1f46e8*1 0d0ebfd54c69c9a8*1 0cc9ad061ac46ebc*1,0d0ebfd54c69c9a8*1 0d17282ad71e3138*1 0cc9ad061ac46ebc*1 0ce080a018ff496d*1,0cfc8feba6e4f184
span_069,0d3a78dfd22b9a24*1 0d148c51cf586233*1 0d064ae735baaafa*1 0cf815b38c593f86*1 0d45360965452c29*1 0d2358c178cf2e36*1,0d3a78dfd22b9a24*1 0d45360965452c29*1 0d148c51cf586233*1 0cf815b38c593f86*1,0d28eb7b463dd8f4
span_070,0d2a651652db1d2b*1 0d498ce2cc315edd*1 0d55898ed4134391*1 0d38f7bce29889c3*1,0d38f7bce29889c3*1 0d55898ed4134391*1 0d498ce2cc315edd*1,0d2a651652db1d2b
span_071,0d6a783c1e629b4a*1 0d7ba958d24475ae*1 0d5e9783bbc68954*1,,0d8845abe833b2d4
span_072,0db5a1e2676c690a*1 0d92254793c60bfa*1 0dc6ca9ab8bc110a*1 0d8ccab8675214e9*1 0dd850aea7af6cb8*1 0da4bd3487297baf*1,0d8ccab8675214e9*1 0db5a1e2676c690a*1 0da4bd3487297baf*1 0d92254793c60bfa*1,0de1dafe0206ba9e
span_073,0e090bf0f7f04cc5*1 0dce1997cf1e8691*1 0db0ceaf24574627*1 0df5e16cf47e583f*1 0ddd7f7cdfc8dbc4*1 0de43496f7dc7a7e*1,0df5e16cf47e583f*1 0e090bf0f7f04cc5*1 0db0ceaf24574627*1,0df53d5dadc44502
span_074,0e0ca11ed58ddb3d*1 0e1b11020c7e78b3*1 0e34668a0bd9c090*1 0df81fa915fccd35*1 0e2f0461b03fe80d*1 0de6824eec4dd19c*1,0e34668a0bd9c090*1 0de6824eec4dd19c*1 0e1b11020c7e78b3*1,0e34984f44317c41
span_075,0e12dc751a1191e9*1 0e23ab60b6ba4d01*1 0e34b539c46bbe21*1,,0e41a103b326a48e
span_076,0e444e3b008c8454*1 0e5e78bc0a37cf7f*1 0e6eb254d2c42efa*1,0e444e3b008c8454*1 0e5e78bc0a37cf7f*1,0e6eb254d2c42efa
span_077,0e7e8f3108660a2c*1 0ebfed8289591083*1 0ea065bb16860a35*1 0e8ebbbac5418fb4*1 0ec72cfa71f3959e*1 0e9751926a0612e0*1,0e8ebbbac5418fb4*1 0ebfed8289591083*1 0ec72cfa71f3959e*1,0eafe06a6c95d4ea
span_078,0eaf7a23271d1299*1 0ec414e1d22de354*1 0edd25ca8f701068*1 0eb65c7af9c4e3f7*1,0eaf7a23271d1299*1 0eb65c7af9c4e3f7*1,0ee3981dbc438109
span_079,0ed3309f3deaae11*1 0f0194fbbb04c44a*1 0eed6ff5b8be796e*1 0ef0aad9f0d3f84b*1 0f1b05826a8cda7c*1,0f1b05826a8cda7c*1 0eed6ff5b8be796e*1 0f0194fbbb04c44a*1,0ef57701c04ea3cf
span_080,0f161a21e0bcf156*1 0f21f5760c51d776*1 0f0021739622f352*1,0f0021739622f352*1 0f21f5760c51d776*1,0f161a21e0bcf156
span_081,0f4467e18b48aa89*1 0f67474aed25125b*1 0f5eceadbc909b0c*1 0f3f432a40fd6600*1 0f71f7b73bbc80b6*1 0f8fddd513d430cd*1,0f3f432a40fd6600*1 0f4467e18b48aa89*1,0f9942ac9246e490
span_082,0f9b001c0ad02311*1 0fa1d08a2d6634fa*1 0f745b5d60ac3bab*1 0fb8430929cf04ae*1 0f6610665232d674*1 0f8c040b89803505*1,0f8c040b89803505*1 0fb8430929cf04ae*1 0f745b5d60ac3bab*1 0fa1d08a2d6634fa*1,0f9dc228d5167de0
span_083,0fd008158f1e05d4*1 0fcc4e1fc366dff2*1 0fb891ceca87ca76*1 0fad966bd50ab752*1 0f9f2ec56d830b6a*1 0fe4d34dc9ce3353*1,0fd008158f1e05d4*1 0fcc4e1fc366dff2*1 0f9f2ec56d830b6a*1,0fe9beee606fd817
span_084,0fdfe6f74933a1ae*1 100421f65b28a1d5*1 0feee5004b3d6bb3*1 0fc388e2deeeba69*1 0ff1f7eff47575b2*1,0fdfe6f74933a1ae*1 0ff1f7eff47575b2*1 0fc388e2deeeba69*1,100bdb366df7fcc2
span_085,10184eafa91d7e06*1 0ff28f8f9f624af1*1 10056934febce2e6*1 102e2fa0e41a085d*1 103b5839bac716b9*1,10056934febce2e6*1 103b5839bac716b9*1 10184eafa91d7e06*1 0ff28f8f9f624af1*1,102e2fa0e41a085d
span_086,1030118a2125f59e*1 10235ff74bb141fd*1 105e0ae90e327f99*1 106baebfa1dbda00*1 1075e4a21e05a038*1 104590dbde3f085e*1,104590dbde3f085e*1 1075e4a21e05a038*1,1076f63270ea7650
span_087,106ff5c25727932d*1 105c8cd1b4802262*1 10810c82ab7965d6*1 10728f1b35c914ee*1,10810c82ab7965d6*1 106ff5c25727932d*1,1079b24fa2e91d86
span_088,109e8cbd86f972ba*1 10a27882dc08ec76*1 10b259cb775b0bba*1 1088ab116798326c*1 10cfe06028f484a9*1,10a27882dc08ec76*1 1088ab116798326c*1 10cfe06028f484a9*1 109e8cbd86f972ba*1 10b259cb775b0bba*1,0000000000000000
span_089,10ead1fc958ac4ce*1 10c3faba586802f1*1 10fe24b9612c2483*1 10d508ad2240c171*1 10b6faa86e41934e*1,10d508ad2240c171*1,1107be5cbef1503e
span_090,10f0a33a1e9191a7*1 10eea5b1391d8c8e*1 110d225f774d2c92*1 111db4ee941a8e6c*1 11236421d2bbb2f0*1,10f0a33a1e9191a7*1 110d225f774d2c92*1,1132147a182d6977
span_091,113c342ffca00a66*1 1111250231fb9204*1 112b047112149bf0*1,,1146ffd489149e70
span_092,114f8ef6b6b7ea78*1 115d12c904f9d42f*1 11607800b583f5c9*1,115d12c904f9d42f*1 11607800b583f5c9*1 114f8ef6b6b7ea78*1,0000000000000000
span_093,118a683373630de6*1 117b4ad91b84afa4*1 11ba50af0de1916f*1 11afa56af1049d63*1 119771e12cb71477*1,11afa56af1049d63*1 11ba50af0de1916f*1 119771e12cb71477*1,119406d00092b2dc
span_094,11e414df38a1062a*1 11c19fc92bc21e86*1 11df7f90cd69b75a*1 11b94b0db97c5ee2*1 11aa29b8f0304e09*1,,11f6844b983c7d1b
span_095,11e888e95c4d6763*1 121b7eb7ed71cc02*1 1202d7fb8703374b*1 11d2024169cd8aa5*1 11fd279f4476ce83*1,1202d7fb8703374b*1 121b7eb7ed71cc02*1 11e888e95c4d6763*1,1200d417cf751896
span_096,124a13ff8223c02d*1 123dcb991d41ba9b*1 121360f1b4108002*1 1229761af5dbe11d*1 120d3fe79d37f979*1,123dcb991d41ba9b*1 121360f1b4108002*1 124a13ff8223c02d*1 120d3fe79d37f979*1,1229761af5dbe11d
span_097,125ad88cf0eaccc3*1 124e1ca8eaea407b*1 126a7a147a2e69eb*1 1239e0aa24547694*1,124e1ca8eaea407b*1 1239e0aa24547694*1,1273f32d7951e826
span_098,12a71e19976a0bf5*1 1298673f26e60247*1 1266914b81e15e11*1 1275b5159baf7927*1 1286f256ba3aec10*1,1298673f26e60247*1 12a71e19976a0bf5*1 1266914b81e15e11*1,1290e670c4095452
span_099,12a14df1306644aa*1 12bed981f5111361*1 129bcd62ba311185*1 12cb059c7cb8c128*1,12a14df1306644aa*1 12cb059c7cb8c128*1,12c2e66d51ceabe1
span_100,12c518e50833f89a*1 12d8007c119d7932*1 12fc1e5b2afbda79*1 12e8dad5805e80c4*1,12d8007c119d7932*1 12e8dad5805e80c4*1,12fec177cc02598c
span_101,13265cb7e0731a23*1 12f650d472ec9e67*1 131fbfd457f43a9b*1 130fd8f7f7027620*1,130fd8f7f7027620*1 131fbfd457f43a9b*1,132926d26ed0adf0
span_102,133519d50af3937c*1 1329215d078e491e*1 134a15d5c7322200*1,134a15d5c7322200*1 1329215d078e491e*1,133519d50af3937c
span_103,1374e64a0aab929b*1 1367b37fe5d39cdb*1 13546b915f973057*1,13546b915f973057*1 1367b37fe5d39cdb*1,1374e64a0aab929b
span_104,13ae444682469865*1 1391bae311887d07*1 1388f772fba509b6*1,13ae444682469865*1,139e369c8f5b01e2
span_105,13b778b74c5bc5b8*1 13f58859f037e5f6*1 13e3f24939c9e51d*1 13d28ae51e7210ce*1 13cfcce96433e142*1,13cfcce96433e142*1,1402cde1a4bf8c8a
span_106,13fb5f5398737e9e*1 140621f66dcf25c4*1 13e87eb65e9b5d45*1,140621f66dcf25c4*1,1403cf5763e096a0
span_107,143f6c48b10464aa*1 14146353cbadddf8*1 1424cb1eb7ec5af7*1,14146353cbadddf8*1 1424cb1eb7ec5af7*1,143f6c48b10464aa
span_108,144e037d9c5a6fc1*1 145a402bdf67a0e8*1 146355bd5edcd3a3*1,145a402bdf67a0e8*1 146355bd5edcd3a3*1 144e037d9c5a6fc1*1,0000000000000000
span_109,1483277eb8e3f8f4*1 14b7e06d4ca60dce*1 1473fc641486b377*1 14986ff03558d4e8*1 14ac70dcc0449a8f*1,14986ff03558d4e8*1 1473fc641486b377*1 1483277eb8e3f8f4*1,14c30c6dd6642d8b
span_110,14c4fb3bc5e55a5c*1 14b53f3f83ff63c7*1 14a24cf7b2e26fc6*1,14c4fb3bc5e55a5c*1 14a24cf7b2e26fc6*1,14b53f3f83ff63c7
span_111,14e496b0ce1837e2*1 14f542a2ec606e7f*1 14d5f4f42bb6e87c*1,,1502859c2f2d2248
span_112,152531cc470b160c*1 155af17345d10e1e*1 1539200f32ea3d3c*1 1509b7846e4f87ff*1 1540ecd03160f01a*1 151b842522b4e12f*1,152531cc470b160c*1 1539200f32ea3d3c*1,1562f6ecea0fa83f
span_113,156b51b7bd814514*1 158bb98781f3011c*1 1545114d77063c23*1 153fb3e176bf603f*1 155ed46aa62bea6a*1 157f646416d22d07*1,156b51b7bd814514*1 155ed46aa62bea6a*1 1545114d77063c23*1,159634ac4c890951
span_114,15675e65d650416d*1 1579185067d3098b*1 15a0bfded1b0e7c2*1 1598cae71c27128d*1 15848b30609a3548*1,15a0bfded1b0e7c2*1 1598cae71c27128d*1,15937779050be534
span_115,15daf518411187d1*1 15ab439aacb95142*1 15c82f4c5747d21a*1 159df4cd9fcd4299*1 15b36c350cabb102*1,15daf518411187d1*1 15c82f4c5747d21a*1,15c4459ae57dd525
span_116,15cc21e182736f79*1 15e0e5d38d46f8a1*1 15dbf31e94c72d58*1,15e0e5d38d46f8a1*1 15cc21e182736f79*1,15dbf31e94c72d58
span_117,161ed3940ee293cf*1 15fdfedfb8676811*1 160aa2f488dc655b*1 16228fa3f637f7a1*1,160aa2f488dc655b*1 15fdfedfb8676811*1,1630fcb6fed4a0c4
span_118,1644b953fa7e4973*1 162c6ac68f893e72*1 163f0eec566d3c70*1,162c6ac68f893e72*1,1652206512da73d6
span_119,167bb79224db7015*1 1651d13c4e0a844a*1 1667a1c75c080f78*1 1688385a534bf862*1,1651d13c4e0a844a*1 1688385a534bf862*1 167bb79224db7015*1 1667a1c75c080f78*1,0000000000000000
span_120,16a8882be90e7579*1 169b80c0d7fff4fa*1 16b532538d2e8a07*1 1684e74c2270443f*1,16b532538d2e8a07*1 1684e74c2270443f*1,16b324462a8737fb
span_121,16e1da577e8de98e*1 16bc71d96d2eaad1*1 16df2b65b24ac778*1 16c4fb4070f94f0c*1,16e1da577e8de98e*1,16e862be23098cd9
span_122,171251f8756893e1*1 16f001b614e91ae5*1 170e5ba6a067f554*1 1724b59bfd3634ab*1 16ef12c0a7b6ce0b*1,170e5ba6a067f554*1,1730e7fd8281876c
span_123,1732650678b474f4*1 1724c20a8ab16081*1 17101d428c10fc7f*1,17101d428c10fc7f*1,173cc60bbe0d2534
span_124,17546dbe923d3fcd*1 177d76e88b48184e*1 176a43ccf44248ab*1 17432ce1d5a1ab52*1,17546dbe923d3fcd*1,17867f35a00eb907
span_125,178c0010e9fa4837*1 1799560738d03440*1 17a5efe3200a9825*1 177e28fb603b60ca*1,178c0010e9fa4837*1 1799560738d03440*1 17a5efe3200a9825*1 177e28fb603b60ca*1,0000000000000000
span_126,17e0ffb8dfbc93fb*1 17b3b62312da7010*1 17db7470e6afa0f8*1 17c34ba9e66aa3a8*1 17a7023bcc692cd0*1,17c34ba9e66aa3a8*1 17db7470e6afa0f8*1 17b3b62312da7010*1,17e26fdc9c8326c8
span_127,17f26d6648915901*1 18002969dbb690a3*1 17dc053e5640ddf5*1 17eb6ae459d558f1*1 181ee207d6e05f62*1,17dc053e5640ddf5*1 18002969dbb690a3*1,1823755efa1fb060
span_128,1810051d8f54b512*1 1856f230fb2c23c5*1 18207bbb3ad3e1a0*1 18497a7de94a9161*1 180f44321a2f4ec0*1 18369db95cf63f65*1,1810051d8f54b512*1 18497a7de94a9161*1,185fa3384a95aa48
span_129,18505e97bd418783*1 187cc776597986ca*1 184f6542589f91b5*1 1865304ff8f66bc1*1 1833175239529f5f*1,1833175239529f5f*1,1887b1f6482c8861
span_130,187ebb110025315f*1 18bdb8e3c4e07d63*1 1881e3109da0568c*1 186a27876597c79f*1 18a1ada253c25bba*1 189fd34845f847a1*1,187ebb110025315f*1 1881e3109da0568c*1 186a27876597c79f*1 189fd34845f847a1*1,18c347da7760d5a0
span_131,18baf3920d70e9fe*1 189544c6aa23a3c4*1 18a859e886999a14*1 18c8fd6b3f2b1712*1,18c8fd6b3f2b1712*1 18a859e886999a14*1 18baf3920d70e9fe*1,189544c6aa23a3c4
span_132,18d602c85cba99c2*1 18e6828d24447feb*1 18c0055cccabb9fb*1 18f90fef22a5b5b5*1,18d602c85cba99c2*1 18e6828d24447feb*1,18fb109abc3b2cf4
span_133,19199e559ac93d31*1 193054ecc3de4c9e*1 190a529c4be4c5be*1 18f0180f31013376*1 192a0f072e3705c9*1,192a0f072e3705c9*1 18f0180f31013376*1 193054ecc3de4c9e*1,192363d1e05dd008
span_134,192d6ed244d2cb35*1 194a859c0ca17113*1 1966360bd4a0e2e8*1 1957f99843c6a490*1 193af87c2ce42c0b*1,1966360bd4a0e2e8*1,1967d42fcef560c1
span_135,19623726795708b5*1 198927b2fc56ef61*1 19782b20d735a58d*1 199cf61a9b0fa372*1 195ae55d085a3d2e*1 19a8bca5d5ea6fbe*1,195ae55d085a3d2e*1 19623726795708b5*1 19782b20d735a58d*1 198927b2fc56ef61*1,19b39bd991b920bc
span_136,19c5cd3ece44825e*1 1982c678c5670ee8*1 19933dc4e32fef0a*1 19b1fb6834c191c1*1 19ac2ef62e982a65*1,19c5cd3ece44825e*1 19ac2ef62e982a65*1 19933dc4e32fef0a*1 1982c678c5670ee8*1,19b1fb6834c191c1
span_137,19f233c3522491ae*1 19e0ccdd5d36e9a1*1 19dfa74990af78f1*1 19cc44ab8e302664*1 19b9b0a9b720a92a*1,19b9b0a9b720a92a*1 19cc44ab8e302664*1 19e0ccdd5d36e9a1*1 19f233c3522491ae*1,19dfa74990af78f1
span_138,1a09290f97bd3159*1 19e1eeb667fb0fea*1 19f430d86f2067da*1,19e1eeb667fb0fea*1,1a11a0bde7a6b2a3
span_139,1a1a68b9b1da8782*1 1a6cb2243eb5a69a*1 1a44089f6bf0bec5*1 1a24fdc6354e6272*1 1a5ee3c01aa8606f*1 1a3cdcfa3aed6bee*1,1a24fdc6354e6272*1 1a44089f6bf0bec5*1 1a5ee3c01aa8606f*1,1a709084a9d1142a
span_140,1a6fcc369f861bc2*1 1a5f8e5be6f2cf94*1 1a416440dc37e853*1 1a7f96bb024538cb*1,1a6fcc369f861bc2*1 1a416440dc37e853*1 1a5f8e5be6f2cf94*1,1a7f96bb024538cb
span_141,1a78b2b12662f60b*1 1a9617540f41d8a0*1 1a89a34badb98c80*1 1aa0adf075bb1ff8*1,1a9617540f41d8a0*1 1a78b2b12662f60b*1,1aa716c361298318
span_142,1afe5b1b71da1810*1 1aeb2881c788e92e*1 1ab3604d6b4d4f5e*1 1ad8e340fdd720d2*1 1ac6a182b01197e7*1 1aad9a323cfdcb49*1,1afe5b1b71da1810*1 1ab3604d6b4d4f5e*1 1ac6a182b01197e7*1 1aad9a323cfdcb49*1,1af3cd11233a3ccc
span_143,1add0926d7da9d8a*1 1af161cbe8fc580f*1 1b04065d4bafbb31*1 1ae7e560cff40692*1,1ae7e560cff40692*1 1b04065d4bafbb31*1,1af8a4159ef2ff72
span_144,1b0a6704e8df28d3*1 1b2a7ee599c191d2*1 1b450a9bdf2efa5d*1 1b547aaff90a5231*1 1b1d6771fe5793df*1 1b33cbb4efe3e70d*1,1b2a7ee599c191d2*1 1b0a6704e8df28d3*1,1b62e4b122402130
span_145,1b3d9d5d7a2aa1e4*1 1b6419e5df31ed9e*1 1b5c151fa3046c45*1 1b494bc1f416831b*1,1b3d9d5d7a2aa1e4*1 1b6419e5df31ed9e*1,1b645d804e87d6e9
span_146,1b9a66ac05b9115d*1 1b7e28179fce5733*1 1ba2356f3295e18f*1 1bb887af4669b612*1 1b6e31eb4dc2884f*1 1b845ec787bb1a3c*1,1b7e28179fce5733*1 1ba2356f3295e18f*1 1b6e31eb4dc2884f*1,1bc0d6999c67aed8
span_147,1badace53dafc56c*1 1bb57723bd489b2d*1 1b9c3e41bdbc654c*1 1bc81f05b496fe6b*1,,1bd6e6cc8d2f6503
span_148,1bc1c220c10c2c09*1 1bee432c798c7b3d*1 1bdc7701b2d5a2ed*1,1bdc7701b2d5a2ed*1 1bee432c798c7b3d*1,1bc1c220c10c2c09
span_149,1bf2d9a112005c48*1 1c3325107317d158*1 1c099d60c08f50bd*1 1c119452780a37bc*1 1c27d520e2c3561c*1,1c3325107317d158*1 1bf2d9a112005c48*1,1c33835127762315
span_150,1c5f4dd0898a3df8*1 1c34124bfc563614*1 1c4f35cbbcae5005*1 1c66067a830ae051*1 1c2674302228cec3*1,1c66067a830ae051*1 1c2674302228cec3*1 1c5f4dd0898a3df8*1,1c549f78dd6cb588
span_151,1c70b9da80fa17d1*1 1c876999388f91de*1 1c658cfdedef7254*1 1c5688727bcdff2f*1 1c9f77151e384ffc*1,1c70b9da80fa17d1*1,1ca7a3044ffd7394
span_152,1ca3d9e1fb4063a7*1 1c974f0353439f5a*1 1cb8a8506598a7a0*1 1c8b47311117af11*1,1ca3d9e1fb4063a7*1 1c8b47311117af11*1,1cbe7c113a698f76
span_153,1ce6f44f460074c8*1 1cc74aadc854ca73*1 1cddf67b5edf183c*1 1cb3ab48e008ff62*1 1cfafd678540047c*1,1cb3ab48e008ff62*1 1cddf67b5edf183c*1 1cfafd678540047c*1,1cecc6fab815a765
span_154,1d1240080b8c73f5*1 1cecf5f24c2c5da6*1 1d0aef375ee5ae2a*1 1cfd9f9c967df44e*1 1d22883736baf16d*1,1d1240080b8c73f5*1 1d22883736baf16d*1,1d187e411e97dfdd
span_155,1d2f30d20d6816e9*1 1d1c3ccfe34c7e13*1 1d4363e9646d2ebc*1 1d3ab7b26c119cc8*1,1d3ab7b26c119cc8*1 1d1c3ccfe34c7e13*1 1d4363e9646d2ebc*1,1d2f30d20d6816e9
span_156,1d72786bbb562a31*1 1d6400c4b813d31a*1 1d84508c320050c0*1 1d433df234f55016*1 1d55a1224715cb11*1 1d988511d920a1dc*1,1d55a1224715cb11*1,1da532bd84d03cd6
span_157,1d95d564a6a3b926*1 1d8f24750f94dedb*1 1da335118fa6fc9f*1 1db2296ebe442207*1 1d7fcc01fedd52af*1 1dc6b5b0d68b3aca*1,1d95d564a6a3b926*1 1d7fcc01fedd52af*1 1da335118fa6fc9f*1,1dd0de57c3534cde
span_158,1dbdae637ac8ff67*1 1da180a7f4a7f326*1 1dc5363f2661bc1d*1,1dc5363f2661bc1d*1 1da180a7f4a7f326*1,1dbdae637ac8ff67
span_159,1dd3dd34e16964a9*1 1e01b1d2979b81ce*1 1e13c89f1c51d8b6*1 1e204a52bd9e5618*1 1de4b0a402ce3064*1 1dfd77d94c34c988*1,1e204a52bd9e5618*1 1de4b0a402ce3064*1 1dd3dd34e16964a9*1,1e21ffbf5d966600
span_160,1e1bf347a5869b65*1 1e0d67c3346efb53*1 1e3e46824383c908*1 1e4eaeb48627717e*1 1e2fae4fe434695d*1,1e0d67c3346efb53*1 1e2fae4fe434695d*1 1e3e46824383c908*1 1e1bf347a5869b65*1,1e4eaeb48627717e
span_161,1e605c046344a6c1*1 1e7ade6c6e2bea1b*1 1e54f9bea7b17461*1 1e4eeb5340082f37*1 1e3d9376031e0eb3*1,1e54f9bea7b17461*1 1e7ade6c6e2bea1b*1 1e3d9376031e0eb3*1,1e6816d93346b28f
span_162,1e796a690e1ed5f1*1 1e891a67a4e4fa94*1 1e6ce8330da2afd1*1,1e6ce8330da2afd1*1,1e92e7ce15fa32c6
span_163,1ec2d4b32754581c*1 1eabe1028ebf2207*1 1e93ba69fa0848d8*1 1ebeea776af7c8e5*1,1e93ba69fa0848d8*1 1eabe1028ebf2207*1,1ed124f76e681e47
span_164,1ee5172a079eeb37*1 1f0537abc308c0f0*1 1edb47d767bb7db0*1 1f110d4aac7ba8fb*1 1ef8fbada3399fd7*1 1ecf00b0cff62118*1,1f110d4aac7ba8fb*1 1ecf00b0cff62118*1 1f0537abc308c0f0*1 1ef8fbada3399fd7*1,1ef15d8addbe5508
span_165,1f0b74e57c08d7e2*1 1ef9819ea2b7056f*1 1f13aef99e5dda9d*1 1f247182581ac727*1,1f0b74e57c08d7e2*1 1f13aef99e5dda9d*1 1f247182581ac727*1 1ef9819ea2b7056f*1,0000000000000000
span_166,1f28106bb4504e31*1 1f448513891c85b1*1 1f3f2ca495da5413*1,1f28106bb4504e31*1 1f3f2ca495da5413*1 1f448513891c85b1*1,0000000000000000
span_167,1f6048f5c8f87fed*1 1f7d6995845cc28b*1 1f5029cee69607ee*1,1f5029cee69607ee*1,1f82c708346c8141
span_168,1fa73ce4ced3c92f*1 1f83242f89947ec0*1 1f9a48ae84de63f0*1 1fbaa298154845d0*1,1f9a48ae84de63f0*1,1fc452c836f25d20
span_169,1fe39fb91c855454*1 1fbb949ac01f30f2*1 1fcdcc2e13a23e7f*1 1fd89f1b87cb1ce1*1,1fe39fb91c855454*1 1fd89f1b87cb1ce1*1,1fd5cb3db9d8eb7c
span_170,2000ad9a9bbe2d28*1 1ff88f1b1305e509*1 1fef3f913a47e591*1 20288a8fd6d5772b*1 20137458b2e3ab6e*1,2000ad9a9bbe2d28*1 1fef3f913a47e591*1 1ff88f1b1305e509*1,2031225e1823a671
span_171,203c60d584e39522*1 201d08a5a7e5d707*1 204814c929e5f37d*1 206eb41801433408*1 202f886a9af81ff3*1 2055e5a5945eed5f*1,203c60d584e39522*1 206eb41801433408*1 2055e5a5945eed5f*1 202f886a9af81ff3*1,204bb5dddee2ae5e
span_172,207a54d1ee3b1269*1 2055d924b7907c8a*1 208376318d94db40*1 206cc441b352c87d*1 204c09790bba4f40*1,204c09790bba4f40*1 206cc441b352c87d*1,2091addf8dd23a03
span_173,207916eaa857631e*1 208d1d1b08209780*1 20a88f6f9a522e6d*1 209785518ae8c1ff*1,,20b75e1e3b6cd0d8
span_174,20b06efe5f5e0eb6*1 20a2f599c121a9a9*1 20c3ae67b8d2441a*1,20c3ae67b8d2441a*1 20a2f599c121a9a9*1,20b06efe5f5e0eb6
span_175,2102a49ac8ab7ce7*1 20f3cdb190698c03*1 20eaecc192b810e7*1 20d4cd3b476a407f*1,20eaecc192b810e7*1 2102a49ac8ab7ce7*1 20d4cd3b476a407f*1,20f3cdb190698c03
span_176,210e669c18ada34c*1 2113517b8e76c6ff*1 21223a20a5fc0622*1 213f44ef991685bc*1 2142ce4f71b1c2f3*1,210e669c18ada34c*1 2142ce4f71b1c2f3*1,21469b2f67d91d46
span_177,2140335e105934bb*1 215041b71d3e3f3a*1 213635f0ccf279b6*1 21653fce81b24547*1,2140335e105934bb*1 213635f0ccf279b6*1,216d60aa105164e4
span_178,2198a05ee317d10e*1 21729567a2c4124d*1 218197581a80f75c*1 216a730a4a952374*1,,21a4afe3112dfadf
span_179,21bedb81c99e54eb*1 21ce44c73ef9c5c2*1 21a15df6cb85324a*1 21994fc9072351b6*1,21ce44c73ef9c5c2*1 21a15df6cb85324a*1,21c297ba05b394ac
span_180,2209a119f4ed6197*1 21d0447adb459a72*1 21ead54ec2094d22*1 21c3cdb8c5ec8f70*1 21ffb4356a9820b4*1,21ffb4356a9820b4*1 21ead54ec2094d22*1,220ce684dcb4dddc
span_181,2210eaddcdc00be6*1 21fb4f10be43e3d2*1 223d775d44219c92*1 2202cc0c01559263*1 222aea0354a96efb*1,21fb4f10be43e3d2*1 2202cc0c01559263*1 2210eaddcdc00be6*1 222aea0354a96efb*1,223d775d44219c92
span_182,22369f5059c8c60c*1 226269e30982fe8f*1 225f1581ddce85f1*1 224d31dcd571d207*1 227d7fd42f744599*1 222eb7459a563017*1,225f1581ddce85f1*1,22865d5840a99e81
span_183,22668dfc8e7e8c41*1 2276fa3adaa5a5a6*1 228f010e0143a654*1 2252c4357e613c56*1,22668dfc8e7e8c41*1,22966b590f315059
span_184,22a513522156ccff*1 229802faa8d2bd56*1 2284f4f7819a36b2*1,229802faa8d2bd56*1 22a513522156ccff*1 2284f4f7819a36b2*1,0000000000000000
span_185,22d5204fdc588fc8*1 22f0e635f98f8c4f*1 22ef818948ab86c9*1 22b03f2e975e9b99*1 22cb32457e3f5578*1,22d5204fdc588fc8*1 22ef818948ab86c9*1 22b03f2e975e9b99*1,22f44c7ea95776fe
span_186,2314129cafba8026*1 22e8ac14fc21f3be*1 230c29e69b868c04*1 2325ac9ad763ade5*1 22faef9dc4584d8f*1,2314129cafba8026*1 22e8ac14fc21f3be*1 2325ac9ad763ade5*1,2314d0dabed95966
span_187,233721c4aad63d83*1 232a9a1085f9afd4*1 23435e85ea89828e*1 231259a4c2e22cee*1,232a9a1085f9afd4*1 23435e85ea89828e*1 231259a4c2e22cee*1,233721c4aad63d83
span_188,2348252965c12896*1 2384c1db8d7f57ab*1 237f46876a6d9979*1 235b280a00ff6032*1 236131e92f564d9e*1,235b280a00ff6032*1,239519f61273e52c
span_189,237e291510ed4a75*1 23a2f43ada05a618*1 2380e270c1f3ecc2*1 23bf1a387ed6a8b9*1 2398fe79912322e3*1 23c8317a5b860056*1,23a2f43ada05a618*1 2380e270c1f3ecc2*1 23c8317a5b860056*1 2398fe79912322e3*1 23bf1a387ed6a8b9*1,237e291510ed4a75
span_190,23c075374d1e3f38*1 23a4b233846ea68b*1 23b7d30e0c643808*1,23a4b233846ea68b*1 23b7d30e0c643808*1 23c075374d1e3f38*1,0000000000000000
span_191,23d18e0b1a2c7af9*1 23e3f1d1552c5a40*1 23fc2e207ad6235d*1,23e3f1d1552c5a40*1,240048d1a0b0a10e
span_192,2420d2ef412c7360*1 240a325274eb50fb*1 2410d4ef8821578d*1,240a325274eb50fb*1 2420d2ef412c7360*1,2410d4ef8821578d
span_193,243617abe8ca7e4e*1 2444489e2eee3507*1 2455f5437953958c*1,2444489e2eee3507*1 2455f5437953958c*1,243617abe8ca7e4e
span_194,249af4ab62a161ed*1 2460bd37d77698cf*1 2475ee1294ece7ed*1 2488b0bc61011e5f*1,,24a7701a99a5ff19
span_195,24cf69a0eae21a9c*1 24a08cf7e778a17e*1 24b33b9c537966a0*1 24996b1460d88a3d*1,24cf69a0eae21a9c*1 24996b1460d88a3d*1,24bb82184735b75f
span_196,24c4a329cb35e828*1 24d9e52f368560f8*1 24e45a1767ce2625*1,24e45a1767ce2625*1,24e21b620e102a86
span_197,24f2a6bff67b33ad*1 25035035493909b8*1 2521a5bf729f3863*1 253dcde88c03bc37*1 25108cf5b84962f1*1,25035035493909b8*1,2545f738d966b230
span_198,2525536fb38c2107*1 2559c22925a61615*1 254246a7410ea70e*1 253698f1ede40d34*1,2525536fb38c2107*1 254246a7410ea70e*1 2559c22925a61615*1 253698f1ede40d34*1,0000000000000000
span_199,2570905a05d5581f*1 25983450764e00a5*1 258fd785da37f217*1 2559f65f7cf33d57*1 2561de0463b2caf7*1,25983450764e00a5*1 2561de0463b2caf7*1 2570905a05d5581f*1 258fd785da37f217*1,2559f65f7cf33d57
span_200,25a1e15491a2f504*1 2584ecc678eff60b*1 2593311abc9f1963*1 25cd83b3ebd78270*1 25bfafa7939c1fc0*1,25bfafa7939c1fc0*1 25a1e15491a2f504*1 25cd83b3ebd78270*1,259da77df9171468
span_201,25c8e29b574cd048*1 260cfa6a2ed738fd*1 25b811b549cc5f7e*1 25f1ca4e3ccc466f*1 25d95b87b2210d7d*1 25e133abb12dfd25*1,25c8e29b574cd048*1 260cfa6a2ed738fd*1 25d95b87b2210d7d*1,25fbe53f6a000af9
span_202,26122c504af68db5*1 260ab46860a2ccdd*1 262393d429d98272*1 25e921c1ea9ef143*1 2639e3b140a7ccc5*1 25fd0139cef4d5a4*1,25e921c1ea9ef143*1 2639e3b140a7ccc5*1 262393d429d98272*1 260ab46860a2ccdd*1 25fd0139cef4d5a4*1,26122c504af68db5
span_203,262d8e82a7b43626*1 261c037bb009bb75*1 2631c9b4860b6d39*1,2631c9b4860b6d39*1,2635c8203fdc89f0
span_204,2674a248da7f7c2d*1 265e3aeadc41a64e*1 266d70ee990fcc22*1 2688ed7ac3468b6f*1 2642255c7ac2b93e*1 269c19b33cf7150a*1,269c19b33cf7150a*1 265e3aeadc41a64e*1 266d70ee990fcc22*1 2642255c7ac2b93e*1,26919f4f984324c3
span_205,2694da47a20f6e9d*1 26a38d82de375c7d*1 26b6ce03ae7c2057*1 268773fefec1b4c2*1 267c12fd92c54b66*1,2694da47a20f6e9d*1 267c12fd92c54b66*1 268773fefec1b4c2*1,26c04a628ecbe74b
span_206,26d5b944be47455e*1 26b2aa840dec0c03*1 26c4c946938ac5f4*1 26a5d6b3e634ae3b*1,26d5b944be47455e*1 26b2aa840dec0c03*1 26a5d6b3e634ae3b*1,26c4c946938ac5f4
span_207,271296a3ef32e99a*1 26d6cc95c56a3482*1 26ff514b19892c39*1 27051138b2126d7e*1 26e54c58d3b67765*1,26ff514b19892c39*1 271296a3ef32e99a*1,270d3de19fad51e8
span_208,2713bec5dc43bc4f*1 27218e877e416741*1 2703482777ab5524*1,,27301ffa25270d59
span_209,275b43c4b8cd8d2d*1 2761bd393e36ac39*1 2740d4ea4a375e58*1 2732b143f9ec2a38*1,275b43c4b8cd8d2d*1 2761bd393e36ac39*1 2740d4ea4a375e58*1,2732b143f9ec2a38
span_210,2785390d91465361*1 276079b6c1081152*1 27797216566a0434*1,27797216566a0434*1,2789577b418857b6
span_211,27935fa98d6f4ad6*1 27ba035686f8b928*1 27c2a2f095c21f3d*1 27a4753f0c751b6f*1,27a4753f0c751b6f*1 27935fa98d6f4ad6*1 27c2a2f095c21f3d*1,27ba035686f8b928
span_212,27c5b42a5dac665f*1 2801b4c38d10e200*1 27dcf077554a4123*1 28153ed6905116d9*1 27f47f6abb38f55c*1 27e36192a5189415*1,2801b4c38d10e200*1 27e36192a5189415*1 27c5b42a5dac665f*1 28153ed6905116d9*1 27dcf077554a4123*1,27f47f6abb38f55c
span_213,27f1319f70c254ad*1 282ef65d496e7312*1 28057738fe1ac8e1*1 281f28ab338e4b52*1,281f28ab338e4b52*1 282ef65d496e7312*1,280e1008b67bf338
span_214,28251508baa96e70*1 284327334eb4ea0b*1 28312d37f119f2be*1 2850fc36ba64738b*1,284327334eb4ea0b*1 28312d37f119f2be*1,28539ed7d1b9a159
span_215,287c91b1cd7bab79*1 2861ebf70ec519ec*1 2857b22901f8b5e7*1,2857b22901f8b5e7*1,2882c3d6aa6f1c38
span_216,28b3ea0b2bcd9872*1 289acc98de5f5046*1 28a7052ea4dfeb7e*1 2885cbf129d8d774*1 28cb9d22e42f84e8*1 28d2f0b757c74b48*1,28b3ea0b2bcd9872*1 28d2f0b757c74b48*1 289acc98de5f5046*1 2885cbf129d8d774*1 28a7052ea4dfeb7e*1,28cb9d22e42f84e8
span_217,28bcf4792a755715*1 2904e44e09d6c789*1 28c718d293501bf5*1 28d18c0fae4bb4b7*1 28e8f312c82ab3ca*1 28ff233609407b01*1,28e8f312c82ab3ca*1 28ff233609407b01*1,29096f00f228ea98
span_218,292dd7b70cb40a0b*1 28fbf4ffb7af5db2*1 293710ebf5c40015*1 291ed25d108d17f5*1 290495a99d46edba*1 28eca703bc432091*1,292dd7b70cb40a0b*1,2941fe6043769955
span_219,29432eab7009254e*1 2932191a12ff2a6c*1 292a9639c42c4832*1 291cfc64a842db84*1,2932191a12ff2a6c*1,294d73c6761c92cb
span_220,29604005185a58f4*1 295f4932bf723d04*1 299ca8f2aa7bb106*1 297e92de35405738*1 294a8feb56c8cc99*1 298a2cb9339a186a*1,299ca8f2aa7bb106*1 29604005185a58f4*1,29978426adca8c38
span_221,29ae594f8b722d87*1 299c96378fbcfc36*1 298f3964b872b707*1 297b7e75c19b32c4*1,298f3964b872b707*1 299c96378fbcfc36*1,29b0e48f21d2c9f0
span_222,29d0216c993ae2e4*1 29c4947f11954c20*1 29a0d07d86d63c01*1 29b43b8b588e9c52*1,29c4947f11954c20*1 29b43b8b588e9c52*1 29d0216c993ae2e4*1,29a0d07d86d63c01
span_223,29f3be0fa09dc8d1*1 29d15f32be58c8dd*1 29e0281dcff69ba6*1,29d15f32be58c8dd*1,29fbd21e889916a4
span_224,2a2d635eeff4e068*1 2a1298003fed86dd*1 2a05fd96ffa8f57c*1,2a2d635eeff4e068*1,2a1d96cbbfc2019b
span_225,2a4b116829799c86*1 2a5766b2b8227511*1 2a341feab384a3cd*1,,2a64fbb0bce03624
span_226,2a7c17e0ecb26f55*1 2a67471cf44fbb45*1 2a8ec0c7d4c6173f*1,2a67471cf44fbb45*1 2a8ec0c7d4c6173f*1 2a7c17e0ecb26f55*1,0000000000000000
span_227,2ab1a62cac98cabb*1 2aa9eed91e00b9da*1 2a988994c83bf977*1 2ac61c6ada2cc4e4*1,2aa9eed91e00b9da*1 2ab1a62cac98cabb*1,2ac92d9d73344413
span_228,2b0a773a5c8b3162*1 2ad38f23c2669275*1 2aeffcd912bd84b4*1 2af1ea4b48bed59f*1 2ac2c2c12c522885*1,2ac2c2c12c522885*1 2af1ea4b48bed59f*1 2ad38f23c2669275*1 2b0a773a5c8b3162*1 2aeffcd912bd84b4*1,0000000000000000
span_229,2af9fd7282a633a5*1 2b1c4116a1bc66e6*1 2b0f352c0fd2e2ca*1 2b211a4ced1039e8*1,2b0f352c0fd2e2ca*1,2b313d43472199e8
span_230,2b265ef006dfec86*1 2b53b6c295f5b37b*1 2b67bbd3a19dc32f*1 2b462bc8bd271a3f*1 2b36610e42aadab1*1,2b462bc8bd271a3f*1 2b36610e42aadab1*1 2b53b6c295f5b37b*1 2b265ef006dfec86*1 2b67bbd3a19dc32f*1,0000000000000000
span_231,2b70a8ce71604c27*1 2b6d4fa4af8125a8*1 2b5e74ec9aefb036*1,,2b8376edf7ee6584
span_232,2b9b2121cb3ccc56*1 2bb48955d70340e0*1 2b8cc206f2a43fca*1 2bac1be0600fc4dd*1,2bb48955d70340e0*1 2bac1be0600fc4dd*1,2ba4c112a247761e
span_233,2bf3d591a1444ed5*1 2bbb20ebb8a49110*1 2bee8adf35fc315c*1 2c0a690d82a8878f*1 2bd736737e307c86*1 2bc7809ce2cb3ec1*1,2c0a690d82a8878f*1 2bc7809ce2cb3ec1*1 2bbb20ebb8a49110*1,2c04744f0de74352
span_234,2c021d94172dc6c3*1 2beb3a3c1da42bcb*1 2bf268972fa25704*1,2c021d94172dc6c3*1,2c0002da9f3a3675
span_235,2c34c8c86c280939*1 2c4a0a8e59c4094b*1 2c21b00c1de5a771*1 2c50b100f4cf49c8*1 2c1b7f9fc9e69c7c*1,2c4a0a8e59c4094b*1 2c21b00c1de5a771*1 2c50b100f4cf49c8*1 2c34c8c86c280939*1,2c1b7f9fc9e69c7c
span_236,2c403d0dbf7d736b*1 2c8e773114559c26*1 2c52bd21f829e39a*1 2c6937dae9b68fcc*1 2c99504c115b1a5d*1 2c70dcddc9ebaf04*1,2c70dcddc9ebaf04*1 2c99504c115b1a5d*1,2c94104e74e029e1
span_237,2ca5e453161f2d85*1 2cb9f0c88e46dd22*1 2c9ee5307b29b908*1 2c7da1a0abd1c0ac*1 2c8ec0100988d9cc*1,2cb9f0c88e46dd22*1 2c7da1a0abd1c0ac*1 2c8ec0100988d9cc*1,2cb2ab75a9da0504
span_238,2cad69f7fd6b6863*1 2cdf47e4db913d62*1 2ce2023373c08f7b*1 2cc7153055f75aea*1 2cb4329b1788bb5a*1,2cad69f7fd6b6863*1 2cc7153055f75aea*1 2ce2023373c08f7b*1 2cdf47e4db913d62*1,2cb4329b1788bb5a
span_239,2d2d8be0f3be0b72*1 2cdd834c7387ffc5*1 2d18e291965b2ea8*1 2d0233733cfcc86d*1 2ce9c90bb09a1d4f*1 2cfc1fad3a019b24*1,2d0233733cfcc86d*1,2d3804e54268dbff
span_240,2d04ef884bc67dc4*1 2d1d5bab0d1fa5c5*1 2d2e57e91d61881c*1 2d382b387ac810ea*1,2d2e57e91d61881c*1 2d1d5bab0d1fa5c5*1 2d04ef884bc67dc4*1,2d382b387ac810ea
span_241,2d5008d27a36522f*1 2d453952527710d7*1 2d334a95d8352976*1,2d453952527710d7*1 2d5008d27a36522f*1 2d334a95d8352976*1,0000000000000000
span_242,2d8d18970e4c685b*1 2d7daadd2f604693*1 2d6295830d2a0bb3*1,2d7daadd2f604693*1 2d6295830d2a0bb3*1,2d8d18970e4c685b
span_243,2da3d9d9d40152c8*1 2dca7bea8d172637*1 2d91f96186e9424e*1 2db1ef3135ff8cf7*1,2dca7bea8d172637*1 2db1ef3135ff8cf7*1,2dacd68a9775f3ef
span_244,2df0d26ce1722b30*1 2dc87d8dadf05189*1 2dec504719e8c10a*1 2e0bcf1f80b4d248*1 2e1e032b48a8cccf*1 2dd8dd6213b86889*1,2e0bcf1f80b4d248*1 2e1e032b48a8cccf*1 2dec504719e8c10a*1,2dfa19771c1e4f83
span_245,2e0f9ea5dbd74390*1 2e1cf288ea5c6d05*1 2df923813f9b41fd*1 2e2b01b97b1e155f*1,2e0f9ea5dbd74390*1 2e1cf288ea5c6d05*1,2e2e2629a3117d9f
span_246,2e6e0c6fab2a41b4*1 2e474f66e6b44057*1 2e54dd832fd0ce45*1 2e23a3fc5b2d3727*1 2e3d1f29cb700745*1,2e23a3fc5b2d3727*1 2e6e0c6fab2a41b4*1 2e54dd832fd0ce45*1,2e52ef7de63621fd
span_247,2e8024b208ccea8f*1 2e7de70fe95b284c*1 2e5adcd6ce447f12*1 2e64fab1899113a7*1,2e5adcd6ce447f12*1 2e64fab1899113a7*1 2e8024b208ccea8f*1 2e7de70fe95b284c*1,0000000000000000
span_248,2e960af7126b4c8b*1 2eccee924e3ce66a*1 2e89fdabe8cc6f84*1 2eadcce6aac82a74*1 2eb2d54ccf3e6b01*1 2ed39426212763ea*1,2eb2d54ccf3e6b01*1 2ed39426212763ea*1 2eadcce6aac82a74*1 2e89fdabe8cc6f84*1 2eccee924e3ce66a*1,2e960af7126b4c8b
span_249,2ec2af71602f82bd*1 2ebb2a93faff998e*1 2ed95823049ec6af*1 2ee16dad0fc48f4d*1,2ebb2a93faff998e*1 2ee16dad0fc48f4d*1,2ee157edda5b4407
span_250,2ef77d90bd358b00*1 2f3bf079855005db*1 2f0f3695df4bfad1*1 2ee5c393021a2b33*1 2f1f0b2931f67745*1 2f2fa7d98affab8d*1,2f2fa7d98affab8d*1 2ee5c393021a2b33*1,2f4488f7ccc53ddb
span_251,2f345c40dfa9611e*1 2f207516c3b957f2*1 2f1a696943a22467*1,2f207516c3b957f2*1 2f345c40dfa9611e*1,2f1a696943a22467
span_252,2f8baeb7f70d1ed6*1 2f4ada4539946b28*1 2f5a27f450f9614d*1 2f6f40c78dc825dc*1 2f74458d4accf450*1,2f4ada4539946b28*1,2f9873578502674f
span_253,2f7abc1962051feb*1 2f816b4ad1d6eac5*1 2f99cadc81994815*1,2f7abc1962051feb*1 2f99cadc81994815*1,2f816b4ad1d6eac5
span_254,2fb9e1c2b5b333d2*1 2fc550408b84b7e3*1 2fdfde66fbf3dd7d*1 2fa85439866c598e*1,2fdfde66fbf3dd7d*1 2fc550408b84b7e3*1,2fc305efbc74b04c
span_255,2fe7af47a1cd90cb*1 2fdae8dde843df07*1 2ffd97531850be3b*1,2fdae8dde843df07*1,3004b77b749bc350
span_256,3012a5ec9ab1e828*1 3036f17b6a4e2947*1 300a58900690e02b*1 3024c3a8411ae176*1,3036f17b6a4e2947*1 3012a5ec9ab1e828*1,302b59cc42bf1981
span_257,30702885f0500635*1 3053377882dbbc6f*1 306e98375c0f5696*1 3031e3114138a5fe*1 304c8a383dfe5e0b*1,304c8a383dfe5e0b*1 306e98375c0f5696*1 3031e3114138a5fe*1 30702885f0500635*1,3053377882dbbc6f
span_258,3085c5372b04af4a*1 307b5f6f4b4fb32c*1 30680236112b603a*1 30af7d43dc8f2358*1 30b2b4025709211a*1 30959c848a417b41*1,30959c848a417b41*1 3085c5372b04af4a*1 30680236112b603a*1 30af7d43dc8f2358*1,30b469f94bbe1c4d
span_259,30bce5f13607f00c*1 30c02fd472ba4336*1 30928dbcc7294b35*1 30a92c3922a56b59*1 30ea10b17bf235c5*1 30d4365446a8a687*1,30c02fd472ba4336*1 30d4365446a8a687*1,30efd4a11b16d4d6
span_260,30de2970e2a7bda9*1 310d63b19a01fca9*1 30faedb0d6167ca6*1 30ccdf8b722b2997*1 30e4a2e9e0692749*1,310d63b19a01fca9*1 30faedb0d6167ca6*1 30de2970e2a7bda9*1,30ebdaccbcf3f1af
span_261,310e6ccbfc5ebf23*1 3148308ac18d03d8*1 313e77b710bb987e*1 312f6149f0cc27b2*1 3118d342ae97d78b*1 30f51ed6547f4e81*1,3118d342ae97d78b*1 312f6149f0cc27b2*1,3154fe14de2a5b3f
span_262,3142c4caf796fbbf*1 313d0a5a1cff05d6*1 3126d1d2500ae139*1,3142c4caf796fbbf*1,314439a1a2823b39
span_263,316079df728aab40*1 31551510a0728229*1 31701d8b696a0dbc*1 318367f7b5e7df98*1,316079df728aab40*1 318367f7b5e7df98*1,317562cf9186ae46
span_264,31893f76ccb19eda*1 3190aca3dd2e7ad2*1 31aa7103ed48fc6c*1,31893f76ccb19eda*1 3190aca3dd2e7ad2*1,31aa7103ed48fc6c
span_265,31d6d68a18c33a5d*1 31c87772d45e23a5*1 31bdfde0a4540860*1,31d6d68a18c33a5d*1 31bdfde0a4540860*1 31c87772d45e23a5*1,0000000000000000
span_266,31e4da5767ea23eb*1 31f98a5c631e056f*1 322180aeacc3082a*1 320cb25fc05121d7*1 3210b62c3b312a98*1,31f98a5c631e056f*1 31e4da5767ea23eb*1 322180aeacc3082a*1 320cb25fc05121d7*1,3210b62c3b312a98
span_267,323726a6b4995cd0*1 322e0bb87f0d44bb*1 32186bd2fb657302*1,32186bd2fb657302*1,324316417a0fff97
span_268,324353c4bd671cae*1 3251944d88c59178*1 327ccf0ae79af136*1 3261b449e262188a*1 328172be7498c657*1,328172be7498c657*1 3261b449e262188a*1 327ccf0ae79af136*1,325b3e2fe7791fcf
span_269,32a39359246811a2*1 32b8a86bb62df151*1 329f281ae7651d13*1 328a847cc76fa6cc*1 3271ae020f15ae00*1,3271ae020f15ae00*1,32c6c6574d949b20
span_270,32d05c27e60eb011*1 32a21eef50d89524*1 32c016b3646e09f2*1 32bab96c702fe501*1,32bab96c702fe501*1 32c016b3646e09f2*1 32d05c27e60eb011*1,32a21eef50d89524
span_271,33208ed7a276884b*1 33084740b3245a90*1 32fd9a33c7a09cfc*1 32d0a9b4aad33789*1 3319899d29c75064*1 32e0875eed7aa8bb*1,33084740b3245a90*1 32e0875eed7aa8bb*1,3330c61d2ad26eec
span_272,3317d1c8a1c385a0*1 33277b48b56de3e2*1 330d78da69f843f1*1,330d78da69f843f1*1 3317d1c8a1c385a0*1 33277b48b56de3e2*1,0000000000000000
span_273,33508f8b2b7390aa*1 3348d8ba9cb07eb6*1 333942640e715c8a*1,33508f8b2b7390aa*1 3348d8ba9cb07eb6*1,333942640e715c8a
span_274,336350428bb8971d*1 338dac02b8f37fdb*1 337b0d69d46d70f8*1,337b0d69d46d70f8*1 338dac02b8f37fdb*1,336350428bb8971d
span_275,33a61db0daa1eda1*1 33d43119a7037ad3*1 33c4d6415f86cbb9*1 339bd6da80bdd3ba*1 33b51d71a5c9dfff*1,33a61db0daa1eda1*1 33b51d71a5c9dfff*1 339bd6da80bdd3ba*1,33de9c3a56c6e0b0
span_276,33f7c8d2eb23372a*1 33c568706e926fb9*1 3405f8092b6aa6d7*1 33df93edd5b7363b*1 33ece791a44576c0*1,33c568706e926fb9*1,3416846a62624372
span_277,33f9caa1787e3420*1 3445ea51651e0a22*1 340257517578c249*1 341a290884b3a168*1 34271bbdbac8e041*1 343d04391db95877*1,3445ea51651e0a22*1 340257517578c249*1,34485c8219e94a1a
span_278,346323ece540a1f3*1 342434125524b697*1 3452c548b3f4b190*1 34348b4d802349f2*1 3445c0be63882b59*1,346323ece540a1f3*1,3462a77ec8331846
span_279,3480e825cad98a3a*1 3456b55fbbe1e3db*1 34738846a91ce458*1 3497270810193cdf*1 34663f52df055b27*1,34663f52df055b27*1 3456b55fbbe1e3db*1,34a23e964fe69d89
span_280,34918f17f50dbd7d*1 34a02571a4818923*1 34c6f8a9b84f7afe*1 34b16918b7904816*1 348c9f7ca5860546*1,34b16918b7904816*1 34c6f8a9b84f7afe*1 34918f17f50dbd7d*1 34a02571a4818923*1 348c9f7ca5860546*1,0000000000000000
span_281,34e29af3f17c92bf*1 34b4f786a826b172*1 34cc34f74da7021e*1 34d012ec8e1f1190*1,34cc34f74da7021e*1 34d012ec8e1f1190*1,34e539e4c68168ed
span_282,34fe037f8f08e295*1 3504fd48d8ed3c02*1 352bb063c3fb42c1*1 34eb1da9d318eb4d*1 3519c84bd5776757*1 353cf6664cf35d0d*1,3519c84bd5776757*1 3504fd48d8ed3c02*1,3546c3debb3d29f9
span_283,353c83c65d425eff*1 3562198b8c016e12*1 3511cfcdfb6c64f7*1 352518140165f7f8*1 35403b8683b7d165*1 355dd88c9068eafe*1,355dd88c9068eafe*1 3511cfcdfb6c64f7*1 353c83c65d425eff*1 352518140165f7f8*1,3566286d2cef626b
span_284,3577b07115d79441*1 35924439ffdaaf21*1 35627dea254988b1*1 354dc9564cf30188*1 355b56a44491ef5a*1 35863d469ecd7a9c*1,35924439ffdaaf21*1,3595fe31d0368a76
span_285,35acd8ab8ed11b52*1 35c818522b2c5c6f*1 35bccc9623b6e682*1 3570a84cc9a2bdef*1 3588e8052c9b11a3*1 359d693a377c9b3d*1,3588e8052c9b11a3*1 35c818522b2c5c6f*1 3570a84cc9a2bdef*1,35c9499d3c7f4d7d
span_286,35bb20d0cc06558b*1 35a8b5607b69b337*1 35c8a02013c370f1*1 35dac906de443cde*1,35bb20d0cc06558b*1 35dac906de443cde*1 35c8a02013c370f1*1,35a8b5607b69b337
span_287,35d0ab1f9611f978*1 3608c64ea85724cc*1 362bbf786cd9f9c3*1 361be4ee73f72b53*1 35eabe3170cbd5f8*1 35ff0042d7d70785*1,362bbf786cd9f9c3*1 35d0ab1f9611f978*1 35eabe3170cbd5f8*1 3608c64ea85724cc*1,3621d27f94f6769a
span_288,36063d250151039f*1 36255992ef253669*1 363c9f5e60bacc5f*1 36140065be758e09*1,36140065be758e09*1 36063d250151039f*1,3643a613ec26b3ca
span_289,3635423c51033a1c*1 3659fd9656d12295*1 364b77ed8ace7124*1,3659fd9656d12295*1 364b77ed8ace7124*1 3635423c51033a1c*1,0000000000000000
span_290,368a6e5e12dd458f*1 367ed031e9e6b6c0*1 3690e1de04babb07*1 36690d51070ea18f*1,367ed031e9e6b6c0*1 36690d51070ea18f*1,369e190d0e295dce
span_291,369ccddef31d0ea2*1 36c8a1cf6ab430ff*1 36aa46990ccbfdbb*1 36ba823fa9068879*1,36aa46990ccbfdbb*1 369ccddef31d0ea2*1,36d2f1779f9bba9e
span_292,36d7b3cdaa80427c*1 36f6a730d5fd83ff*1 370bc32830581d25*1 36c7d0e9a67e54bc*1 3718b2635ac53ca9*1 36e1d24babb938a8*1,3718b2635ac53ca9*1 36f6a730d5fd83ff*1 370bc32830581d25*1 36e1d24babb938a8*1,36e1ce213edfb66d
span_293,372e5b52b4c79468*1 37079c992b94cbb9*1 3736503e408248f9*1 371fbeb8d9a77abe*1 36f74ef6f0237c2b*1,36f74ef6f0237c2b*1 371fbeb8d9a77abe*1,374438bd602c5652
span_294,3733e066041143dc*1 372bd4afe478f35e*1 3753a3776fa82fc9*1 3763a8a3f7572f6c*1 3749dda7cf4ad906*1,3753a3776fa82fc9*1 3749dda7cf4ad906*1 3763a8a3f7572f6c*1,3740e55efb26dec6
span_295,376b0fb6f1b2f981*1 375ebe8110ae005b*1 377e547a2a577d0b*1 3784054333efaf10*1,376b0fb6f1b2f981*1 377e547a2a577d0b*1 375ebe8110ae005b*1,3784054333efaf10
span_296,379d2c2d6fc956de*1 3780d21192779c55*1 37b59cdffbc7525c*1 37af6ea770b53595*1,37b59cdffbc7525c*1,37b91ca1469be40d
span_297,37f36e61a09a2a0d*1 37b5529a597bda30*1 37cbb2480e4e6bbb*1 37e6765a46622987*1 37de05dbcf07e0b1*1 3801693c2166d2ca*1,37cbb2480e4e6bbb*1 37e6765a46622987*1 37b5529a597bda30*1 3801693c2166d2ca*1 37f36e61a09a2a0d*1,37de05dbcf07e0b1
span_298,37e8bf4e266462cb*1 37f3f901f7fab65d*1 3800fb11543c4d0a*1,37e8bf4e266462cb*1 37f3f901f7fab65d*1 3800fb11543c4d0a*1,0000000000000000
span_299,382e60d74120fbd9*1 3838580ca78df7e2*1 38587eafe8f034a4*1 384b200d12c93156*1 381cf5f5a60fcb7e*1,381cf5f5a60fcb7e*1 382e60d74120fbd9*1 3838580ca78df7e2*1 38587eafe8f034a4*1,384b200d12c93156
span_300,3868de33a3b66225*1 385d9173b709f3ce*1 38436741928317e6*1,,3876405ef1ee1103
span_301,38a923cbc0a2ab3c*1 389ed62c9ea37be8*1 38b7c8b072128dd0*1 388e4ab07434f586*1 387b65e5be548ee6*1,38a923cbc0a2ab3c*1 387b65e5be548ee6*1,38c1a3c8d42105bd
span_302,38dcaa395ba5df62*1 38b207d9397c5421*1 38ca9f0eeb2bc37d*1 38a68699bd9492d8*1,38b207d9397c5421*1 38a68699bd9492d8*1 38ca9f0eeb2bc37d*1,38dcaa395ba5df62
span_303,38d7ac25fc41ab28*1 38ed2ffd191dcad4*1 38f4d3bb814efda0*1 3909658b1ec5ae32*1,38ed2ffd191dcad4*1 38f4d3bb814efda0*1,390c5b0fde4de397
span_304,3915ba770d66f45c*1 392f476385e63138*1 3932b64e9c97839d*1 39025fe1f529c1c5*1,3932b64e9c97839d*1 392f476385e63138*1 39025fe1f529c1c5*1 3915ba770d66f45c*1,0000000000000000
span_305,39704dc87937dbe5*1 3959d8b0779c934a*1 394d9069218317c0*1 39844112156eadf5*1 39375dbbd4913f79*1 396311529c3abbb8*1,39375dbbd4913f79*1 39844112156eadf5*1 394d9069218317c0*1,3980264ef29e2f4a
span_306,399bd5a9739c1d05*1 3976404f64394943*1 3981954f8d66d45d*1 396f63b8bf1136ab*1 39a1c836afa7c669*1 39b43c9d51566102*1,399bd5a9739c1d05*1 39b43c9d51566102*1,39aaebd00b79b813
span_307,3992d49e5a06fa6e*1 39a2e343f58b3579*1 39bf0ccc343617ae*1,,39c699cae2beb883
span_308,39dd305556187aff*1 39ece4a2709865df*1 39f347563a116883*1 39caf02d92f626c2*1,39f347563a116883*1 39ece4a2709865df*1 39caf02d92f626c2*1,39dd305556187aff
span_309,3a0f8585a5080198*1 39f2bc536b6451ca*1 3a1ec2b3bea3cbf5*1,,3a299a45b600709a
span_310,3a3ba1b3254f452d*1 3a4ae4de47cd36b8*1 3a2437c31bf5f3cd*1 3a55fee61a870fb2*1,3a55fee61a870fb2*1 3a2437c31bf5f3cd*1 3a4ae4de47cd36b8*1,3a3ba1b3254f452d
span_311,3a7ea802d3de679b*1 3a6389b19f0a2e92*1 3a5bd8d7d46d810b*1 3a952293c4b2eafc*1 3a82288052ca2b56*1 3aac18ae5fd5f0a5*1,3a5bd8d7d46d810b*1 3a952293c4b2eafc*1,3ab2d834f47a75ac
span_312,3a9de0c24e884faa*1 3aa41923ea0b3698*1 3a8fa6615ec14ee9*1,3a8fa6615ec14ee9*1 3aa41923ea0b3698*1 3a9de0c24e884faa*1,0000000000000000
span_313,3ab649ccd8c944ba*1 3ad6b9f75cff73f9*1 3ac9e7bed67f00ac*1,3ac9e7bed67f00ac*1,3adc4c6a9331c528
span_314,3b2b02b8514b6f67*1 3b1259b922df633c*1 3b029a1b1cb0040b*1 3af5e995633b7a3d*1 3aeeadd67c134a1c*1,3af5e995633b7a3d*1 3aeeadd67c134a1c*1 3b1259b922df633c*1,3b2fa93f1877706a
span_315,3b2d827e2c1adbe1*1 3b467295888da15a*1 3b58daf7f767b28a*1 3b35ff0f46d9d645*1 3b60da52e54fc448*1 3b1cbf05fd490c48*1,3b60da52e54fc448*1 3b467295888da15a*1 3b58daf7f767b28a*1 3b35ff0f46d9d645*1,3b35f100955fb102
span_316,3b6940b65292bf55*1 3b41e466f5bd3ad9*1 3b5dccb57ceec2fb*1 3b783f74864cd93b*1,3b5dccb57ceec2fb*1,3b838e2e4726f020
span_317,3ba4fc45e373fc0e*1 3b85088bab6123da*1 3b7d9ef1114d2fdf*1 3b90b11b9ddc2a8c*1,,3bb3256a5fb20023
span_318,3be7bdd5d82acbf8*1 3bf53b30b821b6a6*1 3bd02b27864f3483*1 3ba713571bbabca1*1 3bce6238b3b9be2d*1 3bb2aa544063c1b8*1,3be7bdd5d82acbf8*1 3bf53b30b821b6a6*1 3bd02b27864f3483*1 3bb2aa544063c1b8*1,3bd213873d5436ab
span_319,3bf567b12bbcbb7a*1 3bda94f7661bd6c4*1 3c1c0f58a79f1ba5*1 3bec17ff7d3bab46*1 3c06c8f738279b67*1,3c1c0f58a79f1ba5*1,3c15eab74d0c2f67
span_320,3c102b5e2e8e140f*1 3c0a91ce3f416d11*1 3c2c933b5f11d341*1 3c4f4a30fa5e7c1b*1 3c321f3ea2b38bf0*1,3c321f3ea2b38bf0*1 3c0a91ce3f416d11*1 3c2c933b5f11d341*1 3c4f4a30fa5e7c1b*1,3c102b5e2e8e140f
span_321,3c4a27431b57269a*1 3c33351ca7f6acae*1 3c5ffda7e64a4acc*1,3c4a27431b57269a*1 3c33351ca7f6acae*1 3c5ffda7e64a4acc*1,0000000000000000
span_322,3c603821a31fecb3*1 3c805f1e2a52c89f*1 3c7ad20468b78f2f*1,3c603821a31fecb3*1,3c8dc8205eae9036
span_323,3ccdd07e62b1a4c4*1 3cebc761d1fd2254*1 3ca4bc2db5d4056c*1 3cddf1f333c8c27c*1 3c9d227e4def9a38*1 3cbaa1b482e1baee*1,3ccdd07e62b1a4c4*1 3ca4bc2db5d4056c*1 3cebc761d1fd2254*1 3cbaa1b482e1baee*1,3cdfc41b18a7bc20
span_324,3cf05e40caaa497a*1 3cdcf3c5cf0fcd1d*1 3cc8decfd581f59b*1 3ceab046402fc441*1 3d02ab7c91c74466*1,3cf05e40caaa497a*1 3ceab046402fc441*1,3d07d7e249015d63
span_325,3d1e6b5a4f986bdd*1 3d0130dbd05a04d2*1 3cf5b0fdf20dc4a5*1,3cf5b0fdf20dc4a5*1 3d0130dbd05a04d2*1,3d1e6b5a4f986bdd
span_326,3d472b19af8dcf1b*1 3d637bbb500555e2*1 3d7ce8ea0ae900a8*1 3d3f8f8452beaf16*1 3d2cba5464dca3ec*1 3d58238c7312dc73*1,3d58238c7312dc73*1 3d7ce8ea0ae900a8*1,3d6f04178c8e69ca
span_327,3d7a879826f54465*1 3d818f3dbcdc2857*1 3d6475aec4324c5c*1 3d5a2ae4a11b1d1f*1,3d7a879826f54465*1,3d89f206020c1f12
span_328,3dae050054cf827a*1 3dbba29384b879ee*1 3d9947d9100b2199*1 3d8093d9c2343abd*1 3dc6969813fc91a7*1,3dbba29384b879ee*1 3d9947d9100b2199*1 3dc6969813fc91a7*1,3db114fb62ae4895
span_329,3db219d047249661*1 3de4fb3fb7abbe7f*1 3dcc6718c9ab778f*1 3dd4eeec1caa8896*1,3db219d047249661*1 3de4fb3fb7abbe7f*1 3dcc6718c9ab778f*1 3dd4eeec1caa8896*1,0000000000000000
span_330,3e046e0e8879c1f3*1 3e1af4dc6737b3bd*1 3df6874b64227004*1 3decd383adc34b1a*1,,3e2734137d1acd0d
span_331,3e3f4413ee3a9bc4*1 3e2325880df617bc*1 3e1a69ec309a6d51*1,3e2325880df617bc*1 3e1a69ec309a6d51*1,3e3f4413ee3a9bc4
span_332,3e4658dcd79018c3*1 3e6991194f375772*1 3e5f76bfe55ed265*1 3e7865b010c66e4e*1,3e7865b010c66e4e*1,3e7771583be5636b
span_333,3e7b345bb78c26b9*1 3e9b39c38a9f151d*1 3e80eb2bf5853d76*1,3e7b345bb78c26b9*1,3ea1d7acc2b0d9ec
span_334,3ebec8a000829c99*1 3ec4f1bb6a8e9185*1 3ea387d2a59c9564*1,3ebec8a000829c99*1 3ea387d2a59c9564*1,3ec4f1bb6a8e9185
span_335,3ef24082f5af694f*1 3ee7c22626342883*1 3ed872bbf96e9d42*1,3ee7c22626342883*1 3ef24082f5af694f*1,3ed872bbf96e9d42
span_336,3f2d7e56d262a5c0*1 3f1f4cc0a3d2f8fd*1 3f4b7c10fa34bd41*1 3f36d02de93d0b64*1 3f0368cfc6c1ff90*1,3f4b7c10fa34bd41*1 3f2d7e56d262a5c0*1 3f0368cfc6c1ff90*1,3f3ea35e1231c9a3
span_337,3f386a3fd2a6df4c*1 3f437b3dd632e23a*1 3f50fdb42d38fd86*1,3f50fdb42d38fd86*1,3f4fb05dbf8651e0
span_338,3f6c0bead71382b6*1 3f8784094fd3c1d0*1 3f777a6c11fc7753*1,3f777a6c11fc7753*1 3f6c0bead71382b6*1,3f8784094fd3c1d0
span_339,3fc8fb751f98f53c*1 3fa09c179876890c*1 3f9aa5e7089917a0*1 3fb344f2c42f4614*1,3fc8fb751f98f53c*1 3fa09c179876890c*1,3fb9ee6c86558bfc
span_340,3fc8dcc47ec7bf3f*1 3feeefc6db554142*1 3ffc1a5c14fc30c8*1 400e453577d4bbab*1 3fdca0cbb7a84444*1,400e453577d4bbab*1 3fc8dcc47ec7bf3f*1 3feeefc6db554142*1,4001a147817320ec
span_341,4012704d95cf5482*1 3ffd5aa89cd345c1*1 4004dcfe849e998d*1,4004dcfe849e998d*1,4019c6f7bd0425f2
span_342,402c0d5583b0cec2*1 407a941f004e69e1*1 406567e7d35f3203*1 4045d804bbd378bc*1 403e2db32e915d2d*1 40526afbcb5570f3*1,403e2db32e915d2d*1 407a941f004e69e1*1 406567e7d35f3203*1,40606c546cdaa395
span_343,405a119b5122713a*1 4089cdce28afe85b*1 407bac0b667fe56a*1 4061e32e4d95d95f*1,407bac0b667fe56a*1 4061e32e4d95d95f*1 4089cdce28afe85b*1,405a119b5122713a
span_344,40d5d9fb7dbd7aad*1 40b0838a2dc2e375*1 40ad4f69b1fc56ed*1 40cdfdb06d3c160e*1 40939e7d19693f29*1 408500c990339df9*1,40d5d9fb7dbd7aad*1 40ad4f69b1fc56ed*1 40cdfdb06d3c160e*1 40b0838a2dc2e375*1,409e1ee1e1830e26
span_345,40c5d9c7a7a769e7*1 40b3411bb3b62df6*1 40dc3b443a935fb7*1 40e1ed2807a7e7e5*1,40e1ed2807a7e7e5*1,40e5fc377daa5014
span_346,4125542d7fa04585*1 41161aac7984af9a*1 40f05b505fde142f*1 40e0bd31b581dc0a*1 410758951b4cfb6c*1,40e0bd31b581dc0a*1 410758951b4cfb6c*1,41313676e42f2fec
span_347,4123dbb249abf682*1 413634f9b00d4c6e*1 411236d3644d9d64*1,4123dbb249abf682*1,413ac2ae8920b3c7
span_348,417bcc8067fb3bb8*1 415f35029bc322c1*1 41836179b4330a1b*1 414b4bbea37d323b*1 416bf3a03b846bee*1,416bf3a03b846bee*1,4193718b12f06fb9
span_349,418b122d29f8f1c8*1 4175a1023f685a5d*1 4192299fa3a85ed5*1,4175a1023f685a5d*1 4192299fa3a85ed5*1 418b122d29f8f1c8*1,0000000000000000
span_350,41ae6aebf12ea82b*1 41da41aaeb077884*1 41be81f5648d5335*1 41cc63c8766516ec*1,41ae6aebf12ea82b*1 41be81f5648d5335*1 41cc63c8766516ec*1,41da41aaeb077884
span_351,41fbc3eaed891ff8*1 41e7718599d2b70f*1 4218beb3a66df44d*1 41d1f403ceb4d0d2*1 42070d4b905299b3*1,4218beb3a66df44d*1 41e7718599d2b70f*1 42070d4b905299b3*1,42002075f09b2a16
span_352,422d77ef91bbc81a*1 4217100e3e34c1b1*1 4205d6731eda6c53*1,,42373ac9bc466204
span_353,42469131e193a94c*1 42648b3e80430b5c*1 4286f6c7ca71c736*1 4237989f049c4df9*1 425bb87a0754074a*1 4271a7ebb8f87530*1,4286f6c7ca71c736*1 425bb87a0754074a*1 4271a7ebb8f87530*1 42648b3e80430b5c*1,42512ec0b1f0e824
span_354,42978ee8347fa045*1 428e09c2eca8dc01*1 42aebdff5fe19b3d*1 4276f8a7442d1aab*1 4260abc4f452a5c8*1,428e09c2eca8dc01*1 42978ee8347fa045*1 4276f8a7442d1aab*1,42afc8bbaf26c59a
span_355,42a1db7491a7d5e9*1 42ebab855fe551ed*1 42d82ac6a34a1d77*1 42c1cb7c3f090eec*1 42b3e906249f69a9*1 4295ae99659ae792*1,4295ae99659ae792*1 42ebab855fe551ed*1,42e4231a6f15bd0a
span_356,42e4be82d7a3ae56*1 42f87dba88f07b44*1 42c2147cdb5c9911*1 42d7daa8d59494d9*1 43021717ae699bd3*1,42d7daa8d59494d9*1 43021717ae699bd3*1,43028fc5c816f2c9
span_357,431ef9fe28082c30*1 42fa4d34e2db2f0e*1 433d4ced30381f40*1 43208f9035b6b9a4*1 430d091a51af1221*1,431ef9fe28082c30*1,43456d55f1bb88a4
span_358,4328109a09670754*1 436a54e174e1eed8*1 433b6823ac781010*1 4352aba97944dd66*1 4347e7bf6d21402a*1,433b6823ac781010*1,437592d7d6b18f05
span_359,4390a279ba96b240*1 4381331de94d89b7*1 437b9fd4f7848847*1 4359ebc8489528f4*1 436ff0605edca282*1,4359ebc8489528f4*1 4381331de94d89b7*1,439b887b045368a2
span_360,43965f48813a6243*1 43b62bf76dcd3b1c*1 43884bd5aecc01c8*1 43ab303713a2f1fd*1,43884bd5aecc01c8*1 43ab303713a2f1fd*1 43965f48813a6243*1,43b62bf76dcd3b1c
span_361,43ce0be80badd8ff*1 43e092b651c05cb8*1 43dee614b49c5595*1 4406af1800ad4147*1 43b601aaaf6de0ed*1 43f543bd9ca97c72*1,43f543bd9ca97c72*1 43ce0be80badd8ff*1 43e092b651c05cb8*1 43dee614b49c5595*1,44075f255628b04e
span_362,43f1145ce3580ded*1 4437359a12d07564*1 43e34599d7935da0*1 442a4c6260d0ea90*1 4419595c92d8dc99*1 440510c958481fc7*1,43e34599d7935da0*1 43f1145ce3580ded*1,4446aa1dc97c12e6
span_363,44183f3c68a7205a*1 44252c85e70035e7*1 443fa5a73e9fd4b8*1,44252c85e70035e7*1 44183f3c68a7205a*1 443fa5a73e9fd4b8*1,0000000000000000
span_364,4460f8c55f002776*1 445034eefa40990b*1 447001e5c192022f*1 448adc6444f43884*1 444dd3360570f57b*1,4460f8c55f002776*1 444dd3360570f57b*1 445034eefa40990b*1 448adc6444f43884*1,447001e5c192022f
span_365,44830254ff4f3bfc*1 447c2e5b6019727f*1 44a4c75086e68677*1 449208598021bb03*1,44830254ff4f3bfc*1 44a4c75086e68677*1,449913f0582817a3
span_366,44bd49dcbdc4f029*1 44dd44a50e34f445*1 44cf9b8edbdac59d*1 44f3aef7d40f125d*1 44e917eb9d83260d*1 44a4dd0345e76aa3*1,44dd44a50e34f445*1 44bd49dcbdc4f029*1 44e917eb9d83260d*1 44a4dd0345e76aa3*1,44f7a269af8a6b11
span_367,44d278b9f179af41*1 451ec3634ebddcde*1 44e6552849c5d8e2*1 44f5d00a7922daad*1 450af1294c414918*1 45272c020f430767*1,45272c020f430767*1 451ec3634ebddcde*1 44f5d00a7922daad*1,45116ac54e70fa9c
span_368,452dd37641ccd5e2*1 4500268ee46b852e*1 4512b3dd3c7e421c*1,452dd37641ccd5e2*1,451ac724aeb404b3
span_369,45438ee3ff895bb7*1 4532b2b9f6582dd3*1 45721c9f562f9cc2*1 45586490e08c034e*1 456bbca7a361bb22*1,456bbca7a361bb22*1 45721c9f562f9cc2*1 45438ee3ff895bb7*1 45586490e08c034e*1,4532b2b9f6582dd3
span_370,4560771ddf81a9ac*1 4585a31069cc9dbc*1 4571cf850f0b7049*1,,4591544d34996026
span_371,45bee292e9f30759*1 459ef0759f9ece0f*1 45af52f4d1a349ea*1 45c2abef1bdac7b3*1,45af52f4d1a349ea*1 45bee292e9f30759*1 459ef0759f9ece0f*1,45c2abef1bdac7b3
span_372,45d5bcbd500237b4*1 45e76d78870114b9*1 45c84a083ee710f6*1 45f2f3ebff948305*1,45d5bcbd500237b4*1,4600d9f4a578f7c0
span_373,460be155db2bf1be*1 463a9ec520501371*1 45f91de14add4325*1 4617d8a227927d31*1 46201d771831f355*1 464aa9b4679bad2a*1,463a9ec520501371*1 45f91de14add4325*1 464aa9b4679bad2a*1,4631810ed163172e
span_374,4649bd2d7c0e034d*1 462d7f03e26da6d6*1 46309e697d446314*1,46309e697d446314*1 462d7f03e26da6d6*1,4649bd2d7c0e034d
span_375,46678745517c5691*1 4683e338446a8c08*1 469d2115e6dd3687*1 465b9d90dd2c98c4*1 467ae8dce440343b*1,465b9d90dd2c98c4*1 46678745517c5691*1 469d2115e6dd3687*1,4690abd35b455313
span_376,46cd0eef38fc6daf*1 4689f1480ca92ce4*1 46d66488b9966f05*1 469d408eb79458be*1 46b40ca0a748db3b*1 46a92fbadda85226*1,46d66488b9966f05*1 469d408eb79458be*1,46d78021626ac152
span_377,46b32998d3bdc104*1 46cca83941f1415b*1 46d4042818f1c595*1,,46e39155776ceb42
span_378,46ffc30b20438ce3*1 4705456763c22e77*1 471ae35dd90fc950*1 46e399cce3327ae5*1,,4727f506f7b40990
span_379,472c14ff0b6ba73b*1 4765c1d46c6bc45b*1 475a65e89c8b5728*1 47468b94952ae8dd*1 473d340b87e9720d*1 471931a955062db3*1,475a65e89c8b5728*1 473d340b87e9720d*1 47468b94952ae8dd*1 471931a955062db3*1 472c14ff0b6ba73b*1,4765c1d46c6bc45b
span_380,475e9a240a4ea31d*1 47787f5a2d5ca4e0*1 474651e4d86e6d6c*1 476a50fc9d31022b*1,47787f5a2d5ca4e0*1 474651e4d86e6d6c*1,4774cf07512c29dd
span_381,478d5367584536d5*1 4790898ce8e30dfa*1 4771d550af41bd27*1,,47a1d44a606b0c57
span_382,47a785bba8f51e4d*1 47b418da4fda9586*1 47c49c4fce010cd2*1 47d13aae578b4d7b*1,47c49c4fce010cd2*1 47a785bba8f51e4d*1,47d640e4eb81f2dc
span_383,4829d35e5b7609e4*1 47f44a027bfe93e2*1 47e37461e4e65cc8*1 47d50aab44d54ad7*1 481886e4b121f1da*1 480ffc3b7471c95d*1,47d50aab44d54ad7*1 4829d35e5b7609e4*1 480ffc3b7471c95d*1 47f44a027bfe93e2*1 47e37461e4e65cc8*1,481886e4b121f1da
span_384,480cab39b88aa3c9*1 483b3fc3f2ea384e*1 484414cd4b37da75*1 4815fca9885a7b18*1 4826c1aa7c623a17*1,4826c1aa7c623a17*1 4815fca9885a7b18*1 483b3fc3f2ea384e*1,4845df80e6c084b2
span_385,4870bd66bdee0400*1 48504f2b33d2ea87*1 484c85e9788dc58d*1 483dda398efb6280*1 4868f6e8d74415cb*1,4870bd66bdee0400*1 484c85e9788dc58d*1 483dda398efb6280*1,48708f3f3896c587
span_386,4892ec9dc3abd101*1 4873d214e5a4ba3f*1 48884bb470ff4e24*1 48a79f89d7d07adb*1 486eeb7665c75bf0*1,48884bb470ff4e24*1 486eeb7665c75bf0*1 4873d214e5a4ba3f*1 4892ec9dc3abd101*1,48a79f89d7d07adb
span_387,48a3dca04ec88748*1 489e5efb57998972*1 48c39a84e79b9aa9*1 48b67d8012e36531*1,489e5efb57998972*1 48b67d8012e36531*1,48c891acfb4dbc7b
span_388,49044abe43a2c92e*1 48dce85ead4a4bfa*1 48e621efdfb33c86*1 48cf353261b655b9*1 48f465783eb72267*1,48f465783eb72267*1 49044abe43a2c92e*1 48dce85ead4a4bfa*1,48edef3c7820d1f4
span_389,490df8c3274b4e3f*1 491a31d3f6ffee21*1 48ff62cd6bd72c30*1,490df8c3274b4e3f*1,49210543a8fadc96
span_390,492c47d744cc87a5*1 494e806c79f83a03*1 495acd7251b7b5c6*1 493e676e68285d00*1 497bda91bbc114af*1 496a058654ed2024*1,493e676e68285d00*1,498a217ee2057ed8
span_391,4960a67ccb8adf52*1 497921d4636f5210*1 495c1555dc459562*1,4960a67ccb8adf52*1 497921d4636f5210*1,495c1555dc459562
span_392,498506c947f8b351*1 49ada59cde851101*1 499a607b9f29013d*1,49ada59cde851101*1 498506c947f8b351*1,499a607b9f29013d
span_393,49c18ecb2da866c5*1 49d598fbfa430f21*1 49bb09673f2b3710*1,49d598fbfa430f21*1 49bb09673f2b3710*1,49c18ecb2da866c5
span_394,4a07c1071574836a*1 49e655d4cef6cd39*1 49fdc3188519f247*1 4a12a721d5007a99*1,49e655d4cef6cd39*1,4a22fc35c0809c70
span_395,4a2bece34a81170c*1 4a3be1aff1992800*1 4a116c2dacebb0a4*1,4a116c2dacebb0a4*1,4a44ec10cb6cd9c3
span_396,4a633ce7182a3447*1 4a4eee8921f5482b*1 4a704c6a011990db*1 4a82d8bed85d0821*1 4a59ee6fca098e23*1,4a633ce7182a3447*1 4a4eee8921f5482b*1 4a704c6a011990db*1,4a86168cd19e39e5
span_397,4a93ec97b696362b*1 4ab8f955829e1236*1 4aab0e55a79d9368*1 4a8b5ff093174cd7*1 4a72aa06f99ec5f7*1,4a93ec97b696362b*1 4aab0e55a79d9368*1,4abd8ff4049ae830
span_398,4ab40c9e7951f20a*1 4ac3de019b2a632c*1 4aeb9c278c171299*1 4aa5944cf94f7228*1 4afa085741ce0a87*1 4ad66420fea21d53*1,4ac3de019b2a632c*1 4ab40c9e7951f20a*1 4afa085741ce0a87*1,4af413be6d7e8c32
span_399,4adfe9edc5b62168*1 4af8711bb1873407*1 4ae01279ca19bfca*1,4ae01279ca19bfca*1,4b0035cb917a5e30
span_400,4b406567a856612e*1 4b5832377480f6c7*1 4b3d10b9b3b98f87*1 4b09ec66234e1e7d*1 4b20a83c3e6f3e24*1 4b1ddfcb36911858*1,4b20a83c3e6f3e24*1 4b5832377480f6c7*1 4b1ddfcb36911858*1 4b09ec66234e1e7d*1 4b406567a856612e*1,4b3d10b9b3b98f87
span_401,4b4e4ab26beffe46*1 4b39e565ccf73321*1 4b524f9a7ac32f7e*1,4b4e4ab26beffe46*1 4b524f9a7ac32f7e*1 4b39e565ccf73321*1,0000000000000000
span_402,4bb45f4180e3cbf0*1 4b855de11370a2f8*1 4b7e02ac6e68a954*1 4b94531ae642b11e*1 4b6415d912f37eba*1 4ba69119e3eab6d5*1,4bb45f4180e3cbf0*1 4b94531ae642b11e*1 4b7e02ac6e68a954*1,4bad29efb9f6177f
span_403,4bb3a7a0e9bc4311*1 4b965d513364ffd6*1 4ba5451b181527ea*1,4ba5451b181527ea*1 4b965d513364ffd6*1,4bb3a7a0e9bc4311
span_404,4be66ff5fc553e1c*1 4bc08033031ca7e8*1 4bd57f0cea51aa63*1,4bd57f0cea51aa63*1 4be66ff5fc553e1c*1 4bc08033031ca7e8*1,0000000000000000
span_405,4c1f41873e273a4f*1 4c073e10d9977ae5*1 4c22427c52f37755*1 4bf12c48b54e848d*1,4c1f41873e273a4f*1 4c22427c52f37755*1 4bf12c48b54e848d*1,4c073e10d9977ae5
span_406,4c3d24456503ba4b*1 4c47c6b00295f083*1 4c20d23182cabee2*1,4c47c6b00295f083*1 4c20d23182cabee2*1,4c3d24456503ba4b
span_407,4c8fd02e34d47994*1 4c6f0e761ccd30a3*1 4c5647dbf0667ccc*1 4c751e0a873648a1*1,4c751e0a873648a1*1,4c952e639d0a4aab
span_408,4c949a4906767d14*1 4cb96cf7ec5c12f0*1 4c8234077a13a727*1 4ca072654ddd6178*1,4c8234077a13a727*1,4cc3665e6a743178
span_409,4cd73bac495e1451*1 4d0306c8e8d35ef5*1 4cf9ef9cfd162610*1 4cc676fecdc7344c*1 4cb9e151bc5f6c63*1 4ce38f38abec1bdb*1,4cd73bac495e1451*1 4cb9e151bc5f6c63*1 4cc676fecdc7344c*1 4cf9ef9cfd162610*1,4d07ea9713ce65ec
span_410,4cf4632515681df7*1 4cee6dd95fd50358*1 4d000b15a4bfd941*1,4cee6dd95fd50358*1 4d000b15a4bfd941*1,4cf4632515681df7
span_411,4d4409825cc05c28*1 4d1ca4b4dd18ba16*1 4d64c9dd0ffa2f1f*1 4d250803e8d616e2*1 4d553b14ff3f00a9*1 4d3c0e2e9796a11e*1,4d250803e8d616e2*1 4d4409825cc05c28*1 4d553b14ff3f00a9*1,4d6930c889d5c913
span_412,4d6abb47960721a3*1 4d5c10b122662aea*1 4d4568712d947edb*1,4d5c10b122662aea*1 4d4568712d947edb*1,4d6abb47960721a3
span_413,4d9b86a30977c404*1 4d7773d091eb10b4*1 4daaae20c6f4b0d1*1 4d850ec466f9ac46*1 4db7e77b959600a3*1,4d850ec466f9ac46*1 4daaae20c6f4b0d1*1,4dc02030b0895158
span_414,4ddaedc91aae7aed*1 4da248581d76a2d3*1 4dc3cafedb4c22de*1 4de6f95bc9af0bad*1 4db8dc22ca329b13*1 4df462009a6dffff*1,4da248581d76a2d3*1,4e0550a166fee94f
span_415,4df052685cedbaca*1 4e280bd10034c6c3*1 4de4fe86df9310f5*1 4e09b92f388392f0*1 4dd2c98fb031d812*1 4e19f7577567c2ce*1,4de4fe86df9310f5*1 4dd2c98fb031d812*1 4df052685cedbaca*1 4e280bd10034c6c3*1,4e2369f788d4c623
span_416,4e1be2b931a5080c*1 4e40cd22c694d709*1 4e2dc7a6075f02e6*1 4e3b4346a6dec5d2*1 4e03951430da125a*1,4e1be2b931a5080c*1 4e2dc7a6075f02e6*1 4e3b4346a6dec5d2*1 4e03951430da125a*1,4e40cd22c694d709
span_417,4e3b00603844be37*1 4e4112bc1a265855*1 4e546e03736a3837*1,4e546e03736a3837*1,4e4e92ec3648b770
span_418,4e6bacf6bfbc23d1*1 4e9eeca4b9f1edc1*1 4ea4ae2516be348c*1 4e76d59c76647d01*1 4e8599dd18391316*1,4e76d59c76647d01*1 4e9eeca4b9f1edc1*1 4e6bacf6bfbc23d1*1,4eaa149c5ccc7952
span_419,4ebf62aa1803b640*1 4e9af76e54bbf090*1 4ea6af846fd1ad3b*1 4ec6d2ae248f5313*1 4ed6b8746e16932f*1,4ec6d2ae248f5313*1 4ea6af846fd1ad3b*1 4ebf62aa1803b640*1 4e9af76e54bbf090*1,4ed6b8746e16932f
span_420,4ee9af530ee72a2f*1 4ef6fdc951ab6eda*1 4f05ea583bc1b1cd*1 4ec6abdbfec34e05*1 4ed5478a705dc5f8*1,4ee9af530ee72a2f*1 4ed5478a705dc5f8*1 4ec6abdbfec34e05*1 4f05ea583bc1b1cd*1,4ef6fdc951ab6eda
span_421,4f29c5f98106e1a5*1 4f1b502dedb401b7*1 4f3507fff562827b*1 4f010e83fdbe824d*1 4efa0630bf60472b*1,4f1b502dedb401b7*1 4f010e83fdbe824d*1 4f3507fff562827b*1,4f2d06bf98f2ea8a
span_422,4f4f820bd6f60bd1*1 4f3997753d2e46ca*1 4f651562d79ba9a8*1 4f5dc9cc2c0a91fa*1 4f2d4b6d6b36fe61*1,4f3997753d2e46ca*1 4f5dc9cc2c0a91fa*1 4f4f820bd6f60bd1*1,4f66ea19ae4f198e
span_423,4f69d8eb3cfff940*1 4f5bbaeaa66bc2b1*1 4f7b3e5c8264e083*1,4f7b3e5c8264e083*1 4f69d8eb3cfff940*1,4f5bbaeaa66bc2b1
span_424,4f87565c64a9972d*1 4fbcd62dd8d88089*1 4f9d88fdfcc32dcb*1 4fa982b75a4e75ec*1,4f87565c64a9972d*1 4fbcd62dd8d88089*1,4fb4239b2c580669
span_425,4fd59767254eb83b*1 4fbd269bb2930209*1 4fe17b4a953a7cc0*1 4fcdb4252630c2f2*1,,4ff3ac6d73e034ee
span_426,4ff2389cb3bcb3a1*1 4fe250de7ba5c8d3*1 500e596f15b96cb6*1,500e596f15b96cb6*1,4ffb610bf18f980a
span_427,5019a474e33a3cc3*1 50432c9ef207676d*1 503a62b0d6536324*1 50280716fa073f14*1 505641283b420a14*1,5019a474e33a3cc3*1 503a62b0d6536324*1 505641283b420a14*1,50492e64b0893732
span_428,5065257622b97106*1 504cbe631aa1ac0a*1 5057be357f94073b*1,504cbe631aa1ac0a*1 5057be357f94073b*1,5065257622b97106
span_429,508f4403e224c3fd*1 50759de4383c5e9b*1 50ab09748730143e*1 5095267fff10e074*1 50b0e746054bb733*1,,50c47bff84382bec
span_430,50f524d8e6a37c0f*1 50d019f62ccb6f83*1 50cd9665f8e85343*1 50a9afb540a8a8a8*1 50ed0ee961e1457d*1 50bf63650b436f49*1,50ed0ee961e1457d*1 50cd9665f8e85343*1 50d019f62ccb6f83*1,50f7e88ce15cf849
span_431,510d4fb6a9676dfd*1 50e3a2c5987e500e*1 50d1651c78718085*1 51197719631799cc*1 50ff4db16c53d5e8*1,50ff4db16c53d5e8*1 50d1651c78718085*1 510d4fb6a9676dfd*1 51197719631799cc*1,50e3a2c5987e500e
span_432,51226bfa20bc1b00*1 5133d3920f8a1ff6*1 510cecdfe797ee40*1 51104fe3494f8e50*1 514495f1b954f19d*1,51104fe3494f8e50*1 5133d3920f8a1ff6*1 514495f1b954f19d*1 51226bfa20bc1b00*1,510cecdfe797ee40
span_433,518f8fe8742aabb2*1 516de24992138b6a*1 5130107b32604218*1 514e3486fba119ab*1 515a612cbaacc807*1 517ee82a77e3e1ac*1,5130107b32604218*1 514e3486fba119ab*1 516de24992138b6a*1,51992811a3b91ac4
span_434,516501f8bf62d6bf*1 51a76991cdd9f335*1 5195aacf0b742c3a*1 51703e2836514333*1 51888479775ad554*1,516501f8bf62d6bf*1 51703e2836514333*1 51a76991cdd9f335*1,51a0f685e390cb72
span_435,51a6901d97b4c202*1 51932dd93e078e3e*1 51c7e268d5986a65*1 51b6bb8997a2070c*1,51a6901d97b4c202*1 51b6bb8997a2070c*1,51ca4823fd595c2d
span_436,51f71eee58af0b25*1 5212e0c6204790a3*1 51eda819b41fb867*1 51c01ed8b31de043*1 51de8a2d28974263*1 520322f885e5cfac*1,51de8a2d28974263*1 520322f885e5cfac*1,521cde7bb290397b
span_437,5229feef1cf2e912*1 51f68f6f8e88b208*1 52089baf3fb64edc*1 523f0af116954024*1 521faaa8fd63594b*1,521faaa8fd63594b*1 52089baf3fb64edc*1 5229feef1cf2e912*1 51f68f6f8e88b208*1 523f0af116954024*1,0000000000000000
span_438,52559afc7a93d88d*1 527640a43eb5b035*1 522e76c48e009b1f*1 526e8241fbbae773*1 52484e23fc49720e*1 5234ee6cd3f0dcb1*1,522e76c48e009b1f*1 52484e23fc49720e*1,52861bb5943b93ee
span_439,5256b9487b21bdde*1 5271b76bfeb7db6d*1 526868fcaf24a00f*1 52aac6d49a3215f4*1 5294e377d1f2cbb5*1 5283a60c9274c454*1,5283a60c9274c454*1 5256b9487b21bdde*1 5271b76bfeb7db6d*1,52b35f90270ee2e8
span_440,52cbf9865ebf2b40*1 529f58a62d7e93d1*1 52bddd90ff9867fd*1 5284fcab53e5bd19*1 52a4f73b01af8dd2*1,529f58a62d7e93d1*1 52a4f73b01af8dd2*1 5284fcab53e5bd19*1 52cbf9865ebf2b40*1,52bddd90ff9867fd
span_441,52e4f047c9a7d336*1 52df35b2a9d0855e*1 52cbc307da13c842*1 52b43d1657813d80*1,52b43d1657813d80*1 52e4f047c9a7d336*1,52e68b9b4b6d34c0
span_442,52fbb25b728ed080*1 5305e40cc346e091*1 531faa7b34e47ce7*1 52e5ac128cbf170d*1,531faa7b34e47ce7*1,5314941f8fdf074a
span_443,53429579dc57e19a*1 5327b8a2436df874*1 531f413cedc6da69*1 5330fddf99f202ab*1,5330fddf99f202ab*1,534c6bca0aec3b04
span_444,535204aec9bedade*1 5360be70a4d637a3*1 5344cbc53078aea8*1,,536ef3b955d3d0bc
span_445,538c87534de39e2e*1 53912c580a5e2022*1 5375af7e613a88c4*1,53912c580a5e2022*1 538c87534de39e2e*1 5375af7e613a88c4*1,0000000000000000
span_446,53ae55f96028c2ee*1 53b7aaeb6c37d0c8*1 53c2fdf5c19385f3*1 53f6b6ff79b02378*1 53d899aa74d516bf*1 53e94954921918b6*1,53c2fdf5c19385f3*1 53f6b6ff79b02378*1,53f538736806952f
span_447,53f3f5ec3db8a0d1*1 53e53c1bd43b5af3*1 53df1705b857f5ac*1,53e53c1bd43b5af3*1,53fbbbadabce9e3c
span_448,544ea649a6a12f71*1 54280044e40c813d*1 5439ae916eaa0cb2*1 5409ae7707869952*1 541b7e6ec0aa0394*1,541b7e6ec0aa0394*1 544ea649a6a12f71*1,5444724160d0903d
span_449,5439757371953a0c*1 544ae4e7cb3bd4a6*1 5459f491f9e4e6c4*1,5459f491f9e4e6c4*1 544ae4e7cb3bd4a6*1,5439757371953a0c
span_450,5480bb34876e74df*1 5461c1b0fa69d590*1 547948d931be4156*1 549b2083c09c58e1*1 54a17a364fb79ddb*1,549b2083c09c58e1*1 547948d931be4156*1,54a6c51e8139d86c
span_451,54ced003e2bc2908*1 54b2c06eedb4802d*1 5495260fd663ac34*1 54ab79fa2c5b6334*1,54ab79fa2c5b6334*1 5495260fd663ac34*1 54ced003e2bc2908*1,54b2c06eedb4802d
span_452,54e436b9bd3c39c9*1 54cafe0a8b337a22*1 54d64c847fcec555*1 54fa9899b8c28ff7*1,,5506d36c845d66ba
span_453,5500a014e0920b2e*1 54f36bd4b15f197a*1 551e33b4a3aca9fe*1 5526100b118b7b17*1,5500a014e0920b2e*1 5526100b118b7b17*1 54f36bd4b15f197a*1,551e33b4a3aca9fe
span_454,5528159c9d688f38*1 5537f6acc8a16c36*1 554b21e54be63886*1 555f59fe333b9cdf*1,555f59fe333b9cdf*1 554b21e54be63886*1,554200bd8baad9e9
span_455,559074a2abc24bd5*1 5550b4fafcff673d*1 558e64966e43cf43*1 55aa29d16b79ddf3*1 5568480e0b9793a9*1 557c9b14c50734d2*1,559074a2abc24bd5*1 5550b4fafcff673d*1,55b36d6d403298cc
span_456,55807a8dd91b7bd7*1 55b66d31b4938ca5*1 559d4c89dcb282a5*1 55ae97f25cb99bac*1,559d4c89dcb282a5*1,55c3e43e4f09e4fb
span_457,55d1d5ad4ccfbb64*1 55be4b0f454ed300*1 55c1bb69d46ab687*1 55f0d4eabd841db1*1 55e266593bb67f94*1,55d1d5ad4ccfbb64*1 55f0d4eabd841db1*1 55be4b0f454ed300*1,55e6d533b0d12d36
span_458,55f21fe626631922*1 5600d33b36ddb030*1 561f7433f2118981*1 55e2b9a21e41012e*1,561f7433f2118981*1 55f21fe626631922*1,560581a3be6df07c
span_459,561354ae09e98e20*1 562faaa02d82ccaf*1 563ad279b771b1bb*1,561354ae09e98e20*1,564553e4e7198c09
span_460,56588d229de6d61d*1 5641b703dab1f0d2*1 5686fcad24716a30*1 56697fc6c399495d*1 5675408c873bbefe*1,5641b703dab1f0d2*1 56588d229de6d61d*1,5693fe728c7ace03
span_461,56bf23a854c6a084*1 56a7c83e6408685f*1 56709e4f3c8be906*1 5682a654af5444b7*1 56922e4aae988473*1,56bf23a854c6a084*1 5682a654af5444b7*1,56b17996d17313dd
span_462,56dea3e6ac77717f*1 56a2c74c1616c157*1 56b4fbcebd81c3d7*1 56e53c2276a55aab*1 56cb59237e65a4b1*1,56b4fbcebd81c3d7*1 56e53c2276a55aab*1 56cb59237e65a4b1*1,56e07e68179d24d5
span_463,56f80ff7870c5650*1 56d003698af88aa5*1 5707884d0a6c9bce*1 56ebd1d068f2e923*1 571f21cda4432f99*1,5707884d0a6c9bce*1 571f21cda4432f99*1 56f80ff7870c5650*1,56f1e9c29737973b
span_464,57298094f17aae04*1 57370d8baec181f4*1 5745d32581b8a3cb*1 5715e542df5f3f0a*1 5703e256b6748083*1,5745d32581b8a3cb*1 5703e256b6748083*1 57298094f17aae04*1,573c86dc669951b6
span_465,5757ccbdf8e92be5*1 5746ad39c01a7ed9*1 573ff1e456dbea70*1,573ff1e456dbea70*1 5757ccbdf8e92be5*1,5746ad39c01a7ed9
span_466,578454224cdf0f53*1 5770376f186f3f3f*1 5762c4e3297df765*1,5770376f186f3f3f*1 5762c4e3297df765*1,578454224cdf0f53
span_467,57a3104e99d88bd0*1 57d7de236a96b99d*1 57b0a8f0126f0cd3*1 57cbec4b2c2a1f26*1 57977cf12c923dfe*1,57b0a8f0126f0cd3*1 57d7de236a96b99d*1 57a3104e99d88bd0*1,57cedbe951bc66e6
span_468,57e28e22cfa99906*1 5802b9e5c8e4f51a*1 57fdc558cfebd533*1 57c1e6be076428be*1 57d2d52fc5d5535c*1 5815974dd2d9800b*1,57c1e6be076428be*1 57d2d52fc5d5535c*1 57fdc558cfebd533*1 57e28e22cfa99906*1 5815974dd2d9800b*1,5802b9e5c8e4f51a
span_469,5822bce35d59e935*1 583a80f6c2ab5fe5*1 584014320d5d60ac*1 581578876c3a0696*1 5805dc9c3301634f*1 57f9031436e514e4*1,581578876c3a0696*1 5805dc9c3301634f*1 584014320d5d60ac*1,5842b7ccda6352e7
span_470,583209f06b85f5ac*1 58474a0bb24dc1f9*1 586f57517e1e393e*1 582904ff4f19bc3c*1 585ddbf8f47d1dbd*1 5873f7c0267be3cd*1,5873f7c0267be3cd*1 583209f06b85f5ac*1 585ddbf8f47d1dbd*1 586f57517e1e393e*1,584d8b4b86143108
span_471,586b57bee94ef40c*1 587405473a9b63e2*1 585550f343f5529d*1 589198d42209ad19*1 588ea8058b092c44*1 58a31c4e3d3435ca*1,589198d42209ad19*1 588ea8058b092c44*1,58a7fcfaad3c3c1c
span_472,58ab42964205bd3e*1 588215a89190ed72*1 589edea06869120b*1,589edea06869120b*1,58afc8006669f89a
span_473,58d166d7b9664eb1*1 58f266ad0f6626cd*1 58c26ca1d45d922b*1 58b08bed92d0bbda*1 58e2d0e725b09e5d*1,58e2d0e725b09e5d*1 58b08bed92d0bbda*1 58f266ad0f6626cd*1,58da9d28a39517c6
span_474,58f6892c90fe3655*1 5914736099e1d362*1 5929370762f5f1c0*1 58e5234ef54c754c*1 590ddcc81c7f03e8*1,590ddcc81c7f03e8*1 5929370762f5f1c0*1 58e5234ef54c754c*1 5914736099e1d362*1,58f6892c90fe3655
span_475,594735ddc3e69ec5*1 592e32f22a117438*1 591072a716044b3c*1 593521daf8c5c10b*1,594735ddc3e69ec5*1 593521daf8c5c10b*1,59333622da89cceb
span_476,596bed963173a29d*1 59597e554a0ef91e*1 5944c4820276475e*1,5944c4820276475e*1,597456606b3d8f96
span_477,59732fee37eefe4d*1 59ab5b7b4c603638*1 599527b02eb72992*1 5985852c0f4aeb10*1,599527b02eb72992*1,59b191620b986863
span_478,59e1726ab0007076*1 59d71ffc72d762f6*1 59f745668c708b82*1 59c6d124dae7f1d8*1 59b432ca026dd31e*1 59a819f0e4b014be*1,59c6d124dae7f1d8*1 59a819f0e4b014be*1,5a0384e3d0a6bcd6
span_479,5a05031de2a78d6c*1 59f9e6c00d115fde*1 5a272f7fcb433a76*1 5a164b2b926cb407*1 59d1a1fb9add2280*1 59e2a13ccac04173*1,5a272f7fcb433a76*1 5a05031de2a78d6c*1 59d1a1fb9add2280*1 59f9e6c00d115fde*1,5a189f532bc4bc35
span_480,5a2fdcf505bd4776*1 5a1af212e9df39ac*1 5a0c4c2cfb05ac83*1,5a2fdcf505bd4776*1,5a248c14b3b107f7
span_481,5a5d7053686ce309*1 5a31353c96c57fcd*1 5a7f7a50838a60fd*1 5a63623682beb818*1 5a464f1262162746*1,5a63623682beb818*1 5a464f1262162746*1 5a31353c96c57fcd*1,5a836b32aed2cce0
span_482,5a8726140569b39b*1 5ab41d5e0fd6aef1*1 5aae51d40903efe3*1 5a9ef6a0116fc0ca*1 5a63a7d6637020e3*1 5a7cf81290c82a51*1,5aae51d40903efe3*1,5ac096443883eca2
span_483,5ad7e51a97b70103*1 5aa24dbe74f0bcb1*1 5ab8daad8aaf0f80*1 5a9b596b03096a46*1 5acaeccf4667b873*1,5ab8daad8aaf0f80*1 5ad7e51a97b70103*1 5aa24dbe74f0bcb1*1,5ace57fca6c8e5bc
span_484,5ac8706a44b064c5*1 5af81dea5ffefa2f*1 5b0d6d74473af9c6*1 5adae9ff99cbf8d4*1 5b14ac97a654ef7e*1 5ae96f4e3eb8710a*1,5b14ac97a654ef7e*1,5b1a5e41cf368c43
span_485,5b0f904aef912e60*1 5b261955c8e846f8*1 5afe5b41dcfb5e4c*1 5b172bbeb876b1d9*1,5afe5b41dcfb5e4c*1 5b261955c8e846f8*1 5b172bbeb876b1d9*1 5b0f904aef912e60*1,0000000000000000
span_486,5b459318306982f0*1 5b3d7c473e8e7722*1 5b51783b011f4a3a*1 5b286298c04c8cb5*1,5b286298c04c8cb5*1,5b61d06c747bd4bd
span_487,5b7a86ecda07b96c*1 5b5105888387b8b2*1 5b61e903659ad041*1 5b81adfcdffeda58*1,5b5105888387b8b2*1 5b7a86ecda07b96c*1,5b86283db9658e68
span_488,5ba874f2ff42824e*1 5bc77dd5049b1096*1 5b9b50a32e13a7ff*1 5bbbc17048ad82d9*1 5b8310bed20fdbf5*1,5bc77dd5049b1096*1 5bbbc17048ad82d9*1 5b9b50a32e13a7ff*1,5bad3922b3c6794b
span_489,5bce578f03f3d649*1 5be21ce0da5cb289*1 5bbcdb9cb830114e*1 5bdf15b3bb1dfe7e*1,5bbcdb9cb830114e*1 5bdf15b3bb1dfe7e*1,5be9b2c49b59a81b
span_490,5be2b1dcd4548d19*1 5bfafb367fa012ff*1 5c017a084d1f4b81*1 5c1c02218472d1cc*1,5be2b1dcd4548d19*1 5c1c02218472d1cc*1,5c0ef7a38cef5500
span_491,5c140b57f100e8f0*1 5c2e812a7a27004f*1 5c35a72aa9cebd37*1 5c433ec7f9b3c381*1,5c2e812a7a27004f*1 5c140b57f100e8f0*1,5c4e125d4e9b221c
span_492,5c6048ad6e241342*1 5c87c6c9aab76b7c*1 5c5014971e45dff7*1 5c7e673d826c8ce4*1 5c4ecaeec4a82414*1,5c87c6c9aab76b7c*1 5c6048ad6e241342*1 5c7e673d826c8ce4*1,5c5f7a0e8099f201
span_493,5cc45790ab6c0999*1 5c88c9d41b8a7d90*1 5c93c25f36eb06a0*1 5ca7900f0c60ff35*1 5cbe0744a7469d62*1 5c72cdd52418897e*1,5c93c25f36eb06a0*1,5cd5b1215680821e
span_494,5ce72ab6a6bdbcf6*1 5ca0b1c584e95239*1 5cda521bd370b6e6*1 5ccae0be859eb34a*1 5cb7f4569211728c*1,5cb7f4569211728c*1 5ce72ab6a6bdbcf6*1,5ce4ec59e36e9d69
span_495,5ce5cf56487fd715*1 5d0767d164e9b763*1 5cf5726d7cdd46a7*1 5cd15a0a792fad59*1 5d1803db1b5e08de*1,5ce5cf56487fd715*1 5d1803db1b5e08de*1 5cf5726d7cdd46a7*1 5cd15a0a792fad59*1,5d0767d164e9b763
span_496,5d25f030e1df853e*1 5d3f98da654e1d7c*1 5d12fa8936d433d1*1 5d40a909773417b0*1 5d55e32d929e3630*1 5d0a376dd339996e*1,5d12fa8936d433d1*1 5d55e32d929e3630*1,5d53ca7cdfc350aa
span_497,5d615260ce4e82ab*1 5d5d819183872666*1 5d330b078dd2b46f*1 5d4996a60b62093e*1,5d4996a60b62093e*1 5d330b078dd2b46f*1,5d700994c8090aef
span_498,5d7b52b0b49dcb26*1 5d6965cf52903db3*1 5d9a9ab18b0d354e*1 5d810d2b644edff8*1,,5da69156aa570fe5
span_499,5d9213f952dd36c4*1 5dbc0d7518b00dd9*1 5dabf3798880105e*1 5dcf30e4a750eb3f*1,5d9213f952dd36c4*1 5dcf30e4a750eb3f*1,5dc50398ee780b04
span_500,5dd839e983e3b313*1 5e0fe2d738c110e1*1 5e1636adab08b7a4*1 5de9b009ef04a03e*1 5dcbd851fbaacfa8*1 5df8328cf8afc574*1,5e0fe2d738c110e1*1 5e1636adab08b7a4*1 5dd839e983e3b313*1,5e0442ce17d3b7c4
span_501,5e20006e4e8b4ec2*1 5e0ffbb3e69eb646*1 5e30e7ada57ff3e5*1 5df2f9da0714ac26*1 5e1d13f8b0528dee*1,5e20006e4e8b4ec2*1 5e1d13f8b0528dee*1 5df2f9da0714ac26*1 5e30e7ada57ff3e5*1 5e0ffbb3e69eb646*1,0000000000000000
span_502,5e49e4216e6be038*1 5e2877dbd5396031*1 5e53dddf75886b7e*1 5e347b843d88ea6f*1,5e53dddf75886b7e*1 5e2877dbd5396031*1,5e5210f1c6982ab8
span_503,5e677f4c485316b0*1 5e79e8ffd47f5ecd*1 5e50228e01236ca3*1,,5e84d8a4bc78e2a7
span_504,5e94febae13e5c0f*1 5eaabb963e998bae*1 5e857d606182b712*1,5eaabb963e998bae*1,5e9fbd6b11ffb798
span_505,5ed91440cd890a02*1 5ecee99ef71275c2*1 5ebdb73e2f0cd461*1,5ecee99ef71275c2*1,5ee041082ca61f8d
span_506,5f04d3488e704a23*1 5ee1f120e42ebf96*1 5ef119c23c8c785d*1 5f1334e47a591ba3*1,5ee1f120e42ebf96*1 5f1334e47a591ba3*1,5f0d6029acb68652
span_507,5f34f5c1c5a8a081*1 5f2b45bded345600*1 5f1acb7d8f77e83e*1,5f34f5c1c5a8a081*1 5f1acb7d8f77e83e*1,5f2b45bded345600
span_508,5f5070e9283db4ea*1 5f634ec697415f9d*1 5f40c9b1dcb5feb2*1,5f40c9b1dcb5feb2*1,5f6b873b2b603a12
span_509,5fbc71db5c554a3d*1 5fc0a672e25c239f*1 5fa8075a8e63167b*1 5f9e693b4390aca3*1 5f704e4fc20661b9*1 5f89bae5dd2db98b*1,5fc0a672e25c239f*1 5fa8075a8e63167b*1,5fc42435f27fc959
span_510,5fa200dca2cd57a3*1 5fd3b0e49eaa3ed1*1 5fc00edb2157c505*1 5fe52c053dc77393*1 5fba2ce5e453fa30*1 5ffe20ffd91b90f4*1,5fd3b0e49eaa3ed1*1 5fc00edb2157c505*1 5fba2ce5e453fa30*1 5ffe20ffd91b90f4*1 5fa200dca2cd57a3*1 5fe52c053dc77393*1,0000000000000000
span_511,6013a07fd0d29979*1 5fe7751e33c2c563*1 5ff740a6bfd31a2a*1 5fdc35d5b4aec3af*1 6001639f471da31e*1,6001639f471da31e*1 5ff740a6bfd31a2a*1 5fdc35d5b4aec3af*1,60168f23974af225
span_512,6025561544b0adb6*1 601d41c3d08850dc*1 60023fa1b5dd60cb*1,,6034436fcd36172b
span_513,6043df60dbe4e767*1 605005c44316ee33*1 603af90d5c007c4c*1 606ab74103102c27*1 607ec639fc538f5d*1,6043df60dbe4e767*1 605005c44316ee33*1,6086e8b5a9cdd69b
span_514,607de94d9765b059*1 60650525399d8985*1 60b040c4097035df*1 60ad9119969b8184*1 6085187a2338195b*1 609689e099f5a004*1,60650525399d8985*1 607de94d9765b059*1 6085187a2338195b*1 60ad9119969b8184*1,60b5e33c2fed9de0
span_515,6093597d157aadc6*1 60b8bf18d703a309*1 60ac052b42ec61f8*1,60b8bf18d703a309*1 60ac052b42ec61f8*1,6093597d157aadc6
span_516,60dd3ae3d8a1ea14*1 60c5f825d432a512*1 60eb4f3cccae4f75*1,,60f7b55c1705f6e2
span_517,6100cf3feade1d72*1 6136a4d7955f7282*1 614f340ef4bc22bd*1 6119043032ec4fab*1 6127cce215cc849b*1 60f6b35dd16572e9*1,6136a4d7955f7282*1 6127cce215cc849b*1,61520b91f4295d10
span_518,61397299c8e278ca*1 6155b0cbac9adbe9*1 616f6b3eb7cf4761*1 6148972538d6f4c7*1 612181336340024c*1,6148972538d6f4c7*1 616f6b3eb7cf4761*1 612181336340024c*1,615c0d721ed37a1c
span_519,6163d8719ace34ba*1 617a4526e45b8ea4*1 615414ddf69a0282*1,615414ddf69a0282*1 617a4526e45b8ea4*1 6163d8719ace34ba*1,0000000000000000
span_520,61a0f0617cb6184c*1 618f5ca63137dac7*1 61b15b53d4883a82*1 619b9779fe4475d9*1,619b9779fe4475d9*1 61b15b53d4883a82*1 618f5ca63137dac7*1 61a0f0617cb6184c*1,0000000000000000
span_521,61d219a9b2a75fad*1 61b75779821fd1ce*1 61c4fd0046bc7ca2*1,61d219a9b2a75fad*1 61b75779821fd1ce*1,61c4fd0046bc7ca2
span_522,61f022bf43fbe909*1 620f8b95b8e0e5ee*1 61e5d75be94efbd8*1 622bfa1d2651eb3c*1 62144d79b5fc2237*1,620f8b95b8e0e5ee*1,6234c153d432349b
span_523,622f0e360650874f*1 625b9d2bc5ff5161*1 6234554486e0b9ab*1 624e664c6cfb5854*1 621a5a0b3b4d0ebb*1,621a5a0b3b4d0ebb*1 6234554486e0b9ab*1 622f0e360650874f*1,62656828fe3e7ec6
span_524,626d8fae89afe1c5*1 625f0e42b25d5357*1 624b2883051fd20a*1 6270d6aff3f9f7cb*1,624b2883051fd20a*1 626d8fae89afe1c5*1,62789a40a0914ca1
span_525,62a5ff578c060b53*1 62c8b7c02100c0ca*1 62ba00e38ff0ff87*1 627ff50903df3c6d*1 629bf13ce2818eb2*1 628f0d5f48a8372c*1,628f0d5f48a8372c*1,62d7daebd834f78e
span_526,62b09f2c4ed432b7*1 62a5df4434ba1ae6*1 62c0b648cdb0fd77*1,62a5df4434ba1ae6*1,62c905def51b16d2
span_527,62fa83ae61adfdfe*1 62e78b94bfc316c5*1 62dba2ab2a798d38*1,62dba2ab2a798d38*1 62e78b94bfc316c5*1,62fa83ae61adfdfe
span_528,6350319e593cc2da*1 6317d80ece80c594*1 633e55b230232e88*1 63424c0e8c87f245*1 630c25cce1cf2d2e*1 632bc2509c3b4bb0*1,633e55b230232e88*1 63424c0e8c87f245*1 6350319e593cc2da*1,63375be59df7bce3
span_529,63642e9cdd2943c1*1 635379f9f98aacd6*1 638c27ad6f5697ea*1 633f8b053d81cee5*1 637367f1b0bf7528*1 634fa96a6812c30f*1,635379f9f98aacd6*1 633f8b053d81cee5*1 634fa96a6812c30f*1,639573a6bf8051b7
span_530,63742cac8045fb72*1 639afe2700e25c03*1 636809287c3a6007*1 638a4d02d564300e*1,639afe2700e25c03*1,639532d19a4ae2e4
span_531,63c9a8a5c3087c60*1 63b6d6d721d90514*1 63a0d6532afe4ca2*1 63d3a9a062fe3326*1 63935d5cfb6ab8b0*1,63a0d6532afe4ca2*1,63e3b4bf6e57af13
span_532,63cfa7d430bb25cd*1 63dde960e8050aa2*1 63ebc118ef027aa9*1,63ebc118ef027aa9*1,63e6dea580314ec4
span_533,6423647d41167526*1 6407696e49137083*1 641649c2f7015818*1 63ff01a3f59b6c11*1,,643421f766c7b56a
span_534,6468af0a0b47a1d5*1 644b3fbf42c677ec*1 64297fc8b14e1923*1 6431b40ddf91c088*1 645381e966dbe529*1 647ab37c7d7be291*1,6431b40ddf91c088*1 64297fc8b14e1923*1,6487a9b9e297bde2
span_535,6466e788a273de82*1 64722d08120518d0*1 645336143297613a*1,645336143297613a*1 64722d08120518d0*1,6466e788a273de82
span_536,6484090feb55285e*1 64a0ad141ab58ac7*1 6495415346e5c9d4*1,6484090feb55285e*1 64a0ad141ab58ac7*1,6495415346e5c9d4
span_537,64c5239289cf21b5*1 64f6e5ac5e3b0800*1 64ebc34063e0f339*1 64d1623751255575*1 64b2613ecbe1cc1f*1,64ebc34063e0f339*1,64ff08c0707c5e56
span_538,653b2259176fb547*1 64ff257893d97ae9*1 64e5b8f2b142853e*1 6522c28d5e2d74c2*1 6509d592844d344e*1 65192d7d321b69bb*1,6522c28d5e2d74c2*1 653b2259176fb547*1 64e5b8f2b142853e*1,6526f0d24c9c314e
span_539,6512ccd936e4a745*1 652b2da1101eabca*1 6567420fa956c769*1 654281864966ca3f*1 6535fcc292784702*1 655fbbda7c634dae*1,6512ccd936e4a745*1 6567420fa956c769*1 654281864966ca3f*1,6564505fa1829a74
span_540,6581cb6c542a3c0b*1 659ddf2e8a3cd933*1 656796a3a264a783*1 6579fc0fc9659b93*1 6548a743d032799d*1 655b07ed9b24c8f3*1,659ddf2e8a3cd933*1 6581cb6c542a3c0b*1 6548a743d032799d*1 655b07ed9b24c8f3*1 6579fc0fc9659b93*1 656796a3a264a783*1,0000000000000000
span_541,657b82c4cb5439b2*1 65ba947d481cc6ec*1 6597f5ccd00c2767*1 6587e0c819060b9a*1 65abcdb5110f6061*1,6587e0c819060b9a*1 6597f5ccd00c2767*1,65c519c20eacdd5c
span_542,65ded9d718289d68*1 65a762bcc28ae6da*1 65f91dc7a6c566b9*1 65c19619cbd3ac4c*1 65b09fca31686d64*1 65ee555db679bcc3*1,65c19619cbd3ac4c*1 65ded9d718289d68*1 65a762bcc28ae6da*1 65f91dc7a6c566b9*1,65f034ab7e536538
span_543,6619f4c4ffa45e20*1 65daee00ffe5e44e*1 6609677ea5ef4455*1 65e66d850484c40c*1 65f74391bc3f67ac*1 66203b6f494e510f*1,6619f4c4ffa45e20*1 65daee00ffe5e44e*1 65f74391bc3f67ac*1,6627fc2743126e65
span_544,6600e609799e8e59*1 6639c75b5a426456*1 6625d4449988ee39*1 6655c54fe4e3dbd7*1 664745152c4c6ce0*1 66136578b7bf088b*1,66136578b7bf088b*1 6625d4449988ee39*1,66643070ceb3cfe8
span_545,6632358d86776f48*1 66480148328ed916*1 665ea108de57dbe4*1,6632358d86776f48*1 665ea108de57dbe4*1,66480148328ed916
span_546,66a7a0fe3b8911f8*1 66995ba56d35d42c*1 6665062ee6085be9*1 6685d475a5475df6*1 6674e4e3c5231893*1,6665062ee6085be9*1 6685d475a5475df6*1 6674e4e3c5231893*1,66b227687911fe07
span_547,66bb45080accd09f*1 669264e8c56ad1fe*1 66cc58e0f349d668*1 66dd85b968f9c18f*1 66a3bc332ed76875*1,66a3bc332ed76875*1 669264e8c56ad1fe*1 66cc58e0f349d668*1 66bb45080accd09f*1,66dd85b968f9c18f
span_548,66f7a287ff4f588a*1 66caf7bc8fef1cc7*1 66ec304e937d7d60*1 66dd6a3bc37b51bc*1,66f7a287ff4f588a*1 66ec304e937d7d60*1 66dd6a3bc37b51bc*1,66caf7bc8fef1cc7
span_549,674d69db0072f080*1 673c69c45b9b3892*1 6713488786329d4c*1 66fab4e6a6d51071*1 67214b55d9de61e0*1 67050cb260b100fe*1,67050cb260b100fe*1 674d69db0072f080*1,6745c66fca4230ee
span_550,675f95738daabe12*1 6720b0f0cabe4cce*1 674aa603d3aac203*1 67337ae7233c966e*1,675f95738daabe12*1 67337ae7233c966e*1,674ed240065a5536
span_551,6768bdbb858112cf*1 67588a6203f28abb*1 677dfed7b9575ac5*1,67588a6203f28abb*1 6768bdbb858112cf*1,677dfed7b9575ac5
span_552,67b81e5fb5286e1f*1 6798d0f754a4dc48*1 67ce62e583ef8354*1 678cfe937b5795b6*1 67d68b90f5646ce1*1 67a336e81634d074*1,67ce62e583ef8354*1,67e0b784fb4d1675
span_553,67b21e12ef2df9f8*1 67d3c3bf715ec890*1 67c1fa184c816a6e*1,67b21e12ef2df9f8*1,67dcc0cb979f7dc7
span_554,67e1e3a440cff21f*1 6805de45bd2bbbff*1 67ff476849932493*1,67ff476849932493*1,680a572ecd5fb887
span_555,6818d0f7a9cfedde*1 6837418129da352d*1 682b8abbb31c89f6*1,,68459d8e76ee3ad0
span_556,6856ef22ea02d811*1 686a7547bbc2792e*1 684f31d016dfaf8d*1,6856ef22ea02d811*1 684f31d016dfaf8d*1 686a7547bbc2792e*1,0000000000000000
span_557,68814bda55466f05*1 689b0e10b779ecc6*1 68725e13415f8ea4*1 68af9c09287a6a68*1,68814bda55466f05*1 68af9c09287a6a68*1 68725e13415f8ea4*1 689b0e10b779ecc6*1,0000000000000000
span_558,68a93948ac77cc1d*1 68bf54bfb20e9eb3*1 68c06da4bf4050b2*1,68c06da4bf4050b2*1 68bf54bfb20e9eb3*1 68a93948ac77cc1d*1,0000000000000000
span_559,6906ccf08f6d030d*1 68f10694d9a66de9*1 68ee5bc7a7e26ab0*1 68d347bdf47fb885*1,68f10694d9a66de9*1,6910666d1bfaca65
span_560,6912b403f3693c40*1 6932bd972e2adc25*1 692bf95f8fa5bd1e*1 6942cbb918ee0ed2*1 690f914ea515c073*1,6932bd972e2adc25*1 6942cbb918ee0ed2*1 6912b403f3693c40*1,6931eed99c75969d
span_561,694f74fc7af0751a*1 693c6c18dbff1296*1 6951d237b12874ea*1,694f74fc7af0751a*1 6951d237b12874ea*1 693c6c18dbff1296*1,0000000000000000
span_562,696b9eae62bc3429*1 6982d99073637d55*1 69badb996b73e369*1 69af87eeebfae387*1 697a33d665d34892*1 69963092098a11b0*1,69badb996b73e369*1 697a33d665d34892*1,69b8884379e2477b
span_563,69a637565dbe4481*1 69ed7693d8fd7fb7*1 69bbab0860d3972a*1 699e3da893f684c0*1 69d5c43983a1a40a*1 69cf6b9f0797ced9*1,69d5c43983a1a40a*1 69ed7693d8fd7fb7*1 699e3da893f684c0*1,69d9677c67b895c7
span_564,69d0b23d79532b9e*1 69c1573b1b8ca07a*1 69e92bbcbcc8086c*1,69e92bbcbcc8086c*1,69d95ddb07197bdb
span_565,69f0817e5e90baf2*1 6a130deb18a59b05*1 6a3d5ff2fb8911d9*1 6a489c914eee4b34*1 6a09471f962f593a*1 6a265db5350bca73*1,6a130deb18a59b05*1 6a489c914eee4b34*1 6a3d5ff2fb8911d9*1,6a2ebface669b820
span_566,6a45e3a02dc2201c*1 6a23635be5d53916*1 6a674b0ac1c182c6*1 6a3cbdab3fdb77d5*1 6a5eb7f574273f6b*1,6a5eb7f574273f6b*1 6a45e3a02dc2201c*1 6a3cbdab3fdb77d5*1,6a688140801ed657
span_567,6a845433e75331bb*1 6a72bc8e449b0b49*1 6a522d87c4f6934c*1 6a6659f22ca7d77c*1,6a6659f22ca7d77c*1 6a72bc8e449b0b49*1 6a522d87c4f6934c*1 6a845433e75331bb*1,0000000000000000
span_568,6a8084e669bff317*1 6aaa7771d8f7184d*1 6ab5d452ff5048f5*1 6a94139c7eb3c5df*1,6aaa7771d8f7184d*1,6abce9d6ec3538d0
span_569,6ad29d4b96f968ec*1 6acb7ab25232c4a7*1 6b07e874199441dc*1 6ae1b8da81d105ca*1 6abb73ae9d48baf4*1 6af8164343e81e80*1,6acb7ab25232c4a7*1 6ae1b8da81d105ca*1 6abb73ae9d48baf4*1,6b13239f9733bf1d
span_570,6b0309481e8a15dc*1 6b2a9aff66a6f1f1*1 6ae61c400ac4feb7*1 6b10098b0e04a436*1 6afbfed81503ffb6*1,6afbfed81503ffb6*1,6b3461ed7afc0cb7
span_571,6b292405bf40ca4a*1 6b158ab3baf044b7*1 6b4655936d44bc7e*1 6b33d4955751a9fe*1 6b5b41666a54c385*1,6b33d4955751a9fe*1 6b292405bf40ca4a*1 6b158ab3baf044b7*1 6b5b41666a54c385*1,6b4655936d44bc7e
span_572,6b4ef3545395d1a5*1 6b52499abb99391f*1 6b6c6732b86aedcb*1 6b7b6bd105900b35*1 6b89078e3d3c8cd0*1,6b6c6732b86aedcb*1,6b957aefae588b54
span_573,6b9fad46922016b2*1 6b79f9c09e2cd4b2*1 6bbcc18f24d8819a*1 6ba373564680bd24*1 6b829fa82188e114*1,6b79f9c09e2cd4b2*1 6b9fad46922016b2*1 6ba373564680bd24*1,6bbf158429099dbc
span_574,6ba6dadc942e950e*1 6bdd396f64668c19*1 6be87cbc19becdd0*1 6bb71974948ffe2a*1 6bcacb0f6bb037d8*1,6bb71974948ffe2a*1 6be87cbc19becdd0*1 6ba6dadc942e950e*1,6be54f7b8d1f5402
span_575,6be03034a613d050*1 6bfbe20941f9382e*1 6bd008c1b2a9f674*1,6bd008c1b2a9f674*1,6c01fd11ca81902b
span_576,6c3ccdc1ec0d1b30*1 6c146ac83ae34f67*1 6c23aeb8c35a6c5c*1 6c008795a0666b42*1 6c4154947fc7bbd2*1,6c008795a0666b42*1 6c4154947fc7bbd2*1,6c45dfe82e39929c
span_577,6c4f7327a0860eb8*1 6c687845ca7350a9*1 6c38840bb4cbd89b*1 6c520bcd31308ec0*1,6c38840bb4cbd89b*1,6c74ad7b25968ddc
span_578,6c8204aaf318f0a5*1 6c7aac37325269cc*1 6c9b69cc16f00175*1 6c67e7c69f6a6cec*1,6c8204aaf318f0a5*1 6c9b69cc16f00175*1,6c83500d4103d021
span_579,6ccffaf3a7e2c696*1 6cb080075e1d124c*1 6ca96546fe57e1c7*1 6cdf9c776b3f56e6*1 6c9099fc7f88d5ba*1,6ca96546fe57e1c7*1 6cb080075e1d124c*1 6c9099fc7f88d5ba*1,6ce7ccf89f985d18
span_580,6d02eb2d7f1637d1*1 6cd1e0c1911c0e00*1 6cc7a82c44049330*1 6cf5dd0e8bb333d4*1 6ce63c094270b6a7*1,6cd1e0c1911c0e00*1 6cc7a82c44049330*1 6cf5dd0e8bb333d4*1,6d087a2fcfb2657b
span_581,6d098f1a2e0f39b9*1 6d1b6c0538e63d66*1 6cf051251349af32*1,6d098f1a2e0f39b9*1 6cf051251349af32*1 6d1b6c0538e63d66*1,0000000000000000
span_582,6d34d74a46731c58*1 6d6d95f890614e46*1 6d2648aee5d7820f*1 6d564c6628b9ee8c*1 6d437b4f53df11d3*1,6d6d95f890614e46*1 6d2648aee5d7820f*1 6d564c6628b9ee8c*1,6d4de6f477189fff
span_583,6d66be061d407b7b*1 6d87d6701ac7ecf3*1 6d930d63d369ed79*1 6da126a6a07139ca*1 6d7840b8edad34f2*1 6d550d6cda97ed40*1,6d930d63d369ed79*1 6d7840b8edad34f2*1 6da126a6a07139ca*1,6d9013cf9eb584bd
span_584,6d94d158ef5df142*1 6d8e572c355b8bd4*1 6daea34285b57f4e*1,6daea34285b57f4e*1 6d94d158ef5df142*1 6d8e572c355b8bd4*1,0000000000000000
span_585,6db99f713d990e42*1 6dd0a9566c6aaf0e*1 6dc63fea325772a6*1 6dea407e07328c77*1,6db99f713d990e42*1 6dd0a9566c6aaf0e*1,6defd07893c86920
span_586,6dfe28156115c563*1 6e029e6897666c77*1 6e1a2c4f59a7ea72*1 6e2df4df91049ce9*1 6de3afafa66d194c*1 6e3fab7da73ab5d4*1,6dfe28156115c563*1 6e2df4df91049ce9*1 6e029e6897666c77*1 6e3fab7da73ab5d4*1,6e1ca2454e758d9c
span_587,6e29685379ab2859*1 6e30f31411c24786*1 6e50ccd42b92dddb*1 6e17a4d3ba60de72*1 6e4956ab075e9e0d*1,6e29685379ab2859*1 6e50ccd42b92dddb*1 6e4956ab075e9e0d*1,6e36dc49005a7f22
span_588,6e599aab1711d58a*1 6e67d02fd30f26ff*1 6e49b0be1c7c5b68*1,6e67d02fd30f26ff*1,6e63398512a8019f
span_589,6e9eb5099c461b3e*1 6e78ba830584156a*1 6e8cf7ef6a69dd12*1,6e8cf7ef6a69dd12*1,6ea271d52ed3904c
span_590,6eca27bee9518d96*1 6ebcbe8bbf1e96eb*1 6edd4b534ff23c3d*1 6eafb0d94d0d4a0a*1,6ebcbe8bbf1e96eb*1 6eca27bee9518d96*1,6ee0a0b73cc9f2bf
span_591,6ef1a44a0cba3e55*1 6f123c86906c1c44*1 6eebbe61802d57bd*1 6f0aa39a940af776*1 6edc7cac41a83530*1,6eebbe61802d57bd*1 6f0aa39a940af776*1 6f123c86906c1c44*1,6ef8c3751d244ba1
span_592,6f27fd2aa09bddbc*1 6f1bca45bef5b8ee*1 6f0b7382fcf18854*1,6f1bca45bef5b8ee*1,6f2eda0b5fd83fd1
span_593,6f46f2a980194cf1*1 6f5ed57f36d20f98*1 6f3ff0a98e2582ad*1,6f46f2a980194cf1*1,6f6368d4cd2db822
span_594,6f6524c9f8e8ae9e*1 6f8d1ca33eeecc77*1 6f733b310e043434*1,6f733b310e043434*1,6f9132eade947c0f
span_595,6fb2e19eae15ae7f*1 6f9658951188b58f*1 6fa21ab1ffdd1bf2*1 6fc456c9da861069*1,6fb2e19eae15ae7f*1,6fcba888fcae6e17
span_596,6fe303072f813ca4*1 700b46247e912286*1 6ff91d9697bc145d*1 6fc262617ab57862*1 6fd0d991fa297499*1,6fd0d991fa297499*1 6ff91d9697bc145d*1 6fe303072f813ca4*1 700b46247e912286*1,6fc262617ab57862
span_597,6ff47ee454b71230*1 7033b377efd92c2d*1 700670298111c847*1 702991fd5ee4bfd4*1 704409ca5a585bec*1 7019dc08b07fd38f*1,7019dc08b07fd38f*1 704409ca5a585bec*1 7033b377efd92c2d*1 702991fd5ee4bfd4*1,701057cdd5b6a8b0
span_598,70589f93ab43e517*1 706c0518c5caef12*1 702440b8834cd647*1 7079f4d45181c0f9*1 704640266de7320a*1 7039580882cc8a1b*1,7039580882cc8a1b*1,7088c4a81887bf5e
span_599,70892c45a1efb139*1 7051210997c5a4d5*1 709602fcd16290b7*1 707f2a85d1f5bcaa*1 70661f057b9c7670*1,707f2a85d1f5bcaa*1 709602fcd16290b7*1 70892c45a1efb139*1,706eaf8a477f48da
span_600,70c46e18b564af33*1 70da1a6acc929d81*1 70899ae94a29a767*1 709a5405fc5c8557*1 70a3bae74926c866*1 70b096b6a5a33074*1,709a5405fc5c8557*1 70b096b6a5a33074*1 70a3bae74926c866*1 70c46e18b564af33*1,70dae74216e3eabc
span_601,70c2dc68530227df*1 710c521f6b950a5b*1 70efdecf376f171a*1 70f2e3e5d0286042*1 70bfdef9c49f05f7*1 70d8f443c1e063b3*1,70efdecf376f171a*1,711587ac8f9d30d0
span_602,70fcd94600c84e08*1 71024a5b099ae72f*1 70ebb205c7dfc47b*1,70fcd94600c84e08*1,710936dc7b92d84e
span_603,71222fb3b4cdd3db*1 71407f207caec3a7*1 711e940d5d51b3b8*1 7130d738bf93e06e*1 7152472f3cf68712*1,7152472f3cf68712*1 71222fb3b4cdd3db*1 711e940d5d51b3b8*1 71407f207caec3a7*1,7130d738bf93e06e
span_604,7147f162363ab15c*1 7159cea274676b03*1 717392bec55ae368*1 716d936c1c27413a*1 7187690ffea30b02*1,716d936c1c27413a*1,7192f5ace9a08a96
span_605,71819f440f5f0f0f*1 719bdfc520867c3d*1 7171aae360ae2c14*1,719bdfc520867c3d*1 71819f440f5f0f0f*1,7171aae360ae2c14
span_606,71d2afcfd255bc57*1 71c722d13a78b09c*1 71ab7a0a43661097*1 71b27d9349ef17c4*1,71c722d13a78b09c*1 71ab7a0a43661097*1,71d74f34a4d18248
span_607,71e6713d6b32c462*1 71f8e2eb1d7572d3*1 71db770e2fa4ed12*1 720895b0fb4b9d18*1,71f8e2eb1d7572d3*1,7210d0710e0675e9
span_608,720188aaf0f5bee6*1 7230b140eab2d380*1 721e62fc21b47b6e*1 722ac8fb60b8b7c1*1,721e62fc21b47b6e*1 720188aaf0f5bee6*1 722ac8fb60b8b7c1*1,7230b140eab2d380
span_609,7241dcc720ef4ab5*1 72627af2c3941d95*1 7256282496ca42eb*1 728172b62850aceb*1 723bb485919c2d79*1 727c782255f7adc1*1,723bb485919c2d79*1 7241dcc720ef4ab5*1 7256282496ca42eb*1 727c782255f7adc1*1,72861172d935b450
span_610,726f3d802b81aaa2*1 72901878e092ce02*1 72892ea68f9b1824*1 72710ad148476797*1 72ad27a06f837cc6*1,72892ea68f9b1824*1,72b4a48785c6f5b2
span_611,729a54566f24dd65*1 72b1fd58f76e83eb*1 72a81c3f80068058*1,,72c25047299d7db8
span_612,72c54875f75dc442*1 72ec884e4f2946f3*1 72df014cb0692082*1,72df014cb0692082*1,72f0ed35e6805c02
span_613,733eb3677166bb71*1 72f9aa6800c8564b*1 734e0c4ec5e24682*1 730fcdfbe2e34ffd*1 73129be0cbfd5765*1 73255a5d91f39b94*1,734e0c4ec5e24682*1 73129be0cbfd5765*1 73255a5d91f39b94*1 733eb3677166bb71*1 72f9aa6800c8564b*1,730fcdfbe2e34ffd
span_614,7352f4a9f1e91279*1 733b58eacd7fbd4f*1 73462d33bee8c9a4*1 7329737be66969dd*1,733b58eacd7fbd4f*1 7329737be66969dd*1 73462d33bee8c9a4*1,7352f4a9f1e91279
span_615,738a63b40122ed9c*1 7355d127fde79058*1 736b069868d49626*1 7370ad682737434d*1,736b069868d49626*1,7392ba468a3dc0a7
span_616,73ce8828d07434fd*1 738dab292cfb08af*1 73933a161198d1c8*1 73a0e03dcbd3d182*1 73bc04572d3375f8*1,73933a161198d1c8*1 73ce8828d07434fd*1 73bc04572d3375f8*1 738dab292cfb08af*1,73a0e03dcbd3d182
span_617,73c151cbed1414e0*1 73b9f690b4a19795*1 73da93dc05469c2e*1,73da93dc05469c2e*1,73ce4d144764e0aa
span_618,7405177efe190566*1 73f8e0d30e55c465*1 73edb56d9dabfc89*1,73edb56d9dabfc89*1 73f8e0d30e55c465*1,7405177efe190566
span_619,744c0ad3a3e3fcb9*1 74557e6d26660f47*1 743e3c507017d714*1 741feb79372719e3*1 742f7e055f6012bc*1,743e3c507017d714*1,7464b9279bdb40cd
span_620,744210fe160e7459*1 7466436f8317015f*1 7455e5be3a3fa5c1*1,7466436f8317015f*1 744210fe160e7459*1,7455e5be3a3fa5c1
span_621,749a2451d9cae5db*1 74b703f14e712e48*1 74c2eb164a8f496d*1 7476fa17f8b30081*1 74818fbf80eda967*1 74a14e73dd162d7b*1,74a14e73dd162d7b*1 74c2eb164a8f496d*1 749a2451d9cae5db*1 74b703f14e712e48*1,748d0ccb7d4729a8
span_622,74b751eb3613f9a2*1 74cf46837a15ad6b*1 74a87fc181e6445c*1,74a87fc181e6445c*1 74b751eb3613f9a2*1,74cf46837a15ad6b
span_623,75160eb04070a390*1 74ec2a465f0dc074*1 74d77050f3112d90*1 74f730a9f1f84a78*1 750a016a4f1bded2*1,750a016a4f1bded2*1 74d77050f3112d90*1 74f730a9f1f84a78*1,751993f90c525b9e
span_624,75346d2f4a1e60a5*1 7516fbe600115087*1 750549ea955c7a3c*1 752165c65f28824c*1 75488c77c7e89995*1,7516fbe600115087*1 75346d2f4a1e60a5*1 75488c77c7e89995*1,7526b841047fa0db
span_625,755edd012193216e*1 7535624552cb6207*1 7541de30c84d446b*1 756c481701860b43*1,7541de30c84d446b*1 7535624552cb6207*1 756c481701860b43*1,755edd012193216e
span_626,7589da46063bfc11*1 756c93912a58802a*1 75713a6b2b5e7673*1,756c93912a58802a*1,75913bbdcdf59ba5
span_627,75e9c348b9c52234*1 75bbeb99bc2bebc6*1 75a68dd6de236008*1 75da8b4b9b291794*1 75c87798ce4f695e*1 759fd8ae3fbff31a*1,75da8b4b9b291794*1 75e9c348b9c52234*1 75c87798ce4f695e*1 75a68dd6de236008*1,75c1f0e2a60df446
span_628,75d1a180ddf356a0*1 75c86eee3d01f54d*1 7600fb395529dd72*1 75e2bfed02148ff2*1 75f0f39dc94efa61*1,75e2bfed02148ff2*1,760d3027395fe4cb
span_629,76395ac025a7f297*1 75fe28cb5ee67682*1 76140bf3c4d78471*1 762dfb43f3bc909b*1 76477886461256d8*1 760d5e560360fbd6*1,762dfb43f3bc909b*1 76140bf3c4d78471*1 76477886461256d8*1 76395ac025a7f297*1,7616395dd96a1b8c
span_630,76446310b0afdd63*1 76219857f759d4ca*1 763d7bcc428673c7*1 7659c2b579823189*1,763d7bcc428673c7*1 76446310b0afdd63*1 76219857f759d4ca*1,7659c2b579823189
span_631,766ffe40535db6f8*1 76a45b2d6bb20a2d*1 76550ac86f27a556*1 76729e211b094e5a*1 769f65cc4371c76c*1 768e8cb1101f7572*1,768e8cb1101f7572*1 766ffe40535db6f8*1 76550ac86f27a556*1,76b330ebd8660bd7
span_632,76b2f66d2c5361dc*1 769176346376490c*1 76a1e71d9e74389d*1 768e130e9720e67a*1 76cb87e4acce9608*1,76cb87e4acce9608*1 76a1e71d9e74389d*1 769176346376490c*1,76b6b8ceff377eab
span_633,76c19b1e2be82434*1 76ef606958e1c8de*1 76b5bc9f681bb9b1*1 76d6e69609b34c8f*1,76b5bc9f681bb9b1*1,76f79d3df45abc19
span_634,76fe01c9cccd7fee*1 76ef92b3ea79101e*1 7700e355c36a7655*1,,7713e473d237bd2a
span_635,7719f0fb6cca701d*1 772d192f13e65447*1 7732037d3f855321*1,772d192f13e65447*1 7732037d3f855321*1,7719f0fb6cca701d
span_636,77782d1d8d00c08e*1 7740d917ba20bc57*1 7757c7ea092452e4*1 77977fda431470f1*1 776b848525d80306*1 77828c7aceb2e0ef*1,7757c7ea092452e4*1 7740d917ba20bc57*1 77977fda431470f1*1 77782d1d8d00c08e*1,77896d9c1828e1b0
span_637,7772e4d5709951be*1 77ad29726d49713c*1 77905093a682e70f*1 778af2de32581125*1,77ad29726d49713c*1 7772e4d5709951be*1,779dca02bfaeefa2
span_638,77bc7aa790e3bff7*1 77a212be91b1acf2*1 77caaf1f74afbfdf*1,77a212be91b1acf2*1 77bc7aa790e3bff7*1,77caaf1f74afbfdf
span_639,77de762341ba016d*1 77f5f4dea1600799*1 77e7519a983c7c1e*1,77f5f4dea1600799*1,77f346561c8cbe6a
span_640,7831bfae283f7bd4*1 781ceb9407a3ff3e*1 782143cb26dc75ef*1 78070d511b7bfcef*1,7831bfae283f7bd4*1 781ceb9407a3ff3e*1,7827071f6dbb752b
span_641,783fa0a9c68547f6*1 7861b22314e6d2c3*1 784e1ba89af7a634*1 7857f5fd536d242f*1,7861b22314e6d2c3*1 7857f5fd536d242f*1 784e1ba89af7a634*1,783fa0a9c68547f6
span_642,787e2c68deeffce1*1 786dc23c84e84a2b*1 788712f597b69392*1 7895f299c04508ae*1,7895f299c04508ae*1 788712f597b69392*1,788686c390b210fb
span_643,78912dc3157f0627*1 78a8527bc91d7c44*1 78c46fa78acbea99*1 78badb507c8b824a*1,78badb507c8b824a*1,78cca9fedfc32a6f
span_644,78cc1a92da27e798*1 78eaf6464aecb43c*1 78d5507574bb0261*1,78d5507574bb0261*1,78f0fe7580bb5711
span_645,792df8356067cae3*1 790439d98bf6f35e*1 79196c29c28de3cd*1 78fdf04c21568af4*1,79196c29c28de3cd*1 790439d98bf6f35e*1,7930db1f72494e21
span_646,7939cea072dc8fbf*1 794224029a593ea9*1 792d497b90044c93*1 795975828e1bd9b8*1,794224029a593ea9*1 792d497b90044c93*1,795fe92aaad2fda8
span_647,7984afe98871cafa*1 7979677fa802e723*1 796eb11c52ea39fd*1 7959d80144b6bf5e*1,7959d80144b6bf5e*1 7979677fa802e723*1,798c5c309d2c5979
span_648,79bc5bc4b54d466d*1 79cb7ba290a04c56*1 7983192ed7584403*1 799824ebdeda5156*1 79d2fb3e72ca36af*1 79a3e82b58478859*1,79a3e82b58478859*1 799824ebdeda5156*1 79d2fb3e72ca36af*1 79bc5bc4b54d466d*1,79ccad357e15d096
span_649,79b191d5b61a9a17*1 79e28cc56ac00397*1 79d0cfcd3e4cd677*1 79f99217fa04f011*1 79ca0e4230b2c2be*1 7a05624220810b43*1,79d0cfcd3e4cd677*1 79ca0e4230b2c2be*1 79f99217fa04f011*1 79e28cc56ac00397*1,7a05eed0ce31e014
span_650,7a29d63598f5f9a4*1 7a05b5c9c8659ee7*1 7a1618f04479d5a1*1 79faa3dfde56438e*1 79e2b5d61bb363b4*1,7a05b5c9c8659ee7*1,7a34b1438c5c7191
span_651,7a21f7a120b6f8d2*1 7a16b074110e6268*1 7a3010ea79d3ce9f*1,7a21f7a120b6f8d2*1,7a35bd077e176739
span_652,7a5ea511c5b91d40*1 7a65db660d2073a6*1 7a416a6659b63b18*1,7a5ea511c5b91d40*1,7a6a35ffa38e026c
span_653,7a882febac66efe8*1 7a9faa76656857eb*1 7aa9b5b9e40d0382*1 7ab3e9ba97231742*1 7ace41b89b4aa39c*1 7a73c28fa88ab841*1,7ab3e9ba97231742*1 7a9faa76656857eb*1 7a882febac66efe8*1 7a73c28fa88ab841*1,7ad257938a26f23e
span_654,7ac4c47ebf199f99*1 7ae0889838281df4*1 7ad5c092bc4f6a28*1 7aa2b78cac3b0bc7*1 7ab2de3388dc6c74*1 7afd3edb72232441*1,7ae0889838281df4*1 7ac4c47ebf199f99*1 7aa2b78cac3b0bc7*1 7ab2de3388dc6c74*1,7b015780109b7f66
span_655,7b09efd5fb6c52f6*1 7af2edf423862efa*1 7aece4de33fccab9*1 7ad64c6c15cee3ee*1,7af2edf423862efa*1 7aece4de33fccab9*1,7b0cb9637e262f74
span_656,7b0b8a7750849c20*1 7b491c2066ea4559*1 7b3c97d6254e4341*1 7b2b563ac0cd647f*1 7b16d8f25fc93ce8*1,7b0b8a7750849c20*1 7b3c97d6254e4341*1 7b16d8f25fc93ce8*1,7b4ff1af171d9e79
span_657,7b5fd37e9a91a9a0*1 7b3d845a3e96feac*1 7b4faaf0117930d5*1,7b4faaf0117930d5*1,7b639a4a951bb4a6
span_658,7b9a4b2c38112964*1 7b8346e07f705aec*1 7ba473737c1ac5e5*1 7b6c459d82973cb2*1 7b78c343d8bfc650*1,7b9a4b2c38112964*1 7ba473737c1ac5e5*1 7b8346e07f705aec*1,7b8373094d05b254
span_659,7be5d2a3cea288cb*1 7bd90f77ab54bdfa*1 7bc4356fdf5278df*1 7b968a272a61a2c8*1 7bad99397924822e*1 7bb5e1afe36bb521*1,7be5d2a3cea288cb*1 7bd90f77ab54bdfa*1 7b968a272a61a2c8*1,7bd3464b17a8b9fe
span_660,7bd8d435f2b526d7*1 7be909ca265eb617*1 7bca9746a80b8de0*1,7bd8d435f2b526d7*1 7be909ca265eb617*1,7bca9746a80b8de0
span_661,7bf37e3fdba4a1b0*1 7c09608d604db426*1 7c2e825dbd22f63a*1 7c130cd02b7bf924*1 7c364e83b53631de*1,7c130cd02b7bf924*1 7bf37e3fdba4a1b0*1 7c2e825dbd22f63a*1 7c364e83b53631de*1,7c09608d604db426
span_662,7c59d252c5b00a8a*1 7c34c7648f7993eb*1 7c405a6124388a4e*1 7c6bdf50dd80888f*1 7c2615442aa33e2c*1,7c34c7648f7993eb*1 7c405a6124388a4e*1 7c2615442aa33e2c*1 7c59d252c5b00a8a*1 7c6bdf50dd80888f*1,0000000000000000
span_663,7c68d4b6928398b8*1 7c5ff4ad3a0472df*1 7c8e1fb80bbdfe85*1 7c713cd7e334d638*1,7c713cd7e334d638*1 7c68d4b6928398b8*1,7c910f26d97f4670
span_664,7c8c92d303261da8*1 7c98449a836a7a1f*1 7cac403c54c94610*1,7c98449a836a7a1f*1 7c8c92d303261da8*1,7cac403c54c94610
span_665,7cedd4a4498e26fc*1 7ccec2fb95d5faa2*1 7cd910382de728b2*1 7cb15d82083af33e*1 7cfb888f3d1ea324*1,7cfb888f3d1ea324*1 7cd910382de728b2*1,7cf3d889b8058206
span_666,7cfb11d15201e7c9*1 7d3af2d9a2b05a77*1 7d2bf688c9b929b8*1 7ce668902dfd9178*1 7d1196a195bb4616*1 7d0ae9efa3a0187b*1,7cfb11d15201e7c9*1 7d2bf688c9b929b8*1 7d0ae9efa3a0187b*1 7d1196a195bb4616*1 7d3af2d9a2b05a77*1,7ce668902dfd9178
span_667,7d2ffc9e241e2c91*1 7d3e42ea165907b6*1 7d134fb1ca22e6b3*1,,7d498a92cd786bd6
span_668,7d79d0590ffa7ebb*1 7d460fb0b3643c18*1 7d5df8e321c188d5*1 7d855af26a55d1ea*1 7d993d4bc49c1e8d*1 7d651adcc8225e77*1,7d993d4bc49c1e8d*1,7d9654f6c9e50ee1
span_669,7d91df7f01cb70b3*1 7d7e25e04ebd89e2*1 7d8571a614f22cb1*1,7d7e25e04ebd89e2*1,7d9c98520c44870c
span_670,7dc26f32920762ea*1 7dd8d31c6426e980*1 7da8c3bf5e992c32*1 7deccd83fc7027f9*1 7db4c55bae6d8a8e*1,7dd8d31c6426e980*1 7dc26f32920762ea*1 7da8c3bf5e992c32*1,7def662f723dd94b
span_671,7dda593973ea2fdb*1 7de14eb17dc34661*1 7dfcd6789795930b*1,7dfcd6789795930b*1 7dda593973ea2fdb*1 7de14eb17dc34661*1,0000000000000000
span_672,7e17b63f3349dd8e*1 7e4be005c11599d4*1 7e0fcf95b499bc3f*1 7e3a1b313bebf81b*1 7e29bdf68a9a6815*1,7e3a1b313bebf81b*1 7e29bdf68a9a6815*1,7e5069e3816438a5
span_673,7e5d42d52d841ca9*1 7e38b4c8a1235cbf*1 7e4c529cd7899750*1,7e5d42d52d841ca9*1,7e545680940da2d8
span_674,7e6cafa11bf8fc48*1 7e8257c7b22b40a7*1 7e7f9c92a45ebaaa*1,7e8257c7b22b40a7*1,7e86fa31992d9c67
span_675,7ec558dcc7250b82*1 7ed6e9d3f5ceee58*1 7ee6305a195bdbcb*1 7e928f60c363ba58*1 7eba9bca63369672*1 7ea2e7e838d925be*1,7ea2e7e838d925be*1,7ef571b7cc47433c
span_676,7eca630ac3c27054*1 7edfd32dbba7e6bd*1 7ee1466dfde9aebf*1,7ee1466dfde9aebf*1,7ee682598ec48f74
span_677,7f1ac03e626640ed*1 7f09f1af103a6720*1 7f2cf5ac7be79283*1 7ef6fe852eaffd75*1,7f09f1af103a6720*1 7f1ac03e626640ed*1,7f2fd57d21bd9232
span_678,7f3647bf5daf6512*1 7f41f016a13d4889*1 7f6a681cb6b32470*1 7f293f50f6036093*1 7f5a9faa9d9cd576*1,7f3647bf5daf6512*1 7f6a681cb6b32470*1,7f635fd0067df2e6
span_679,7f83125cac0f5315*1 7f5a0a448b83fa42*1 7f7ab8784b584d5e*1 7f681ac60a011e61*1,7f7ab8784b584d5e*1,7f8c5a56c00019f6
span_680,7f809a643eb05043*1 7fb6c0dfed31c3a6*1 7f9fde4f6dc4d9d4*1 7fa43837ae067451*1,7fa43837ae067451*1 7f809a643eb05043*1,7fbeb873c8a2fa1b
span_681,000b9190217a8c76*1 00151768d809431b*1 7fcb94f8c3681f2f*1 7fe14501179d5a80*1 7fd0bb789ca35350*1 7fbd32b913309bba*1,00151768d809431b*1 7fcb94f8c3681f2f*1 7fe14501179d5a80*1 7fbd32b913309bba*1,7fd0bb789ca35350
span_682,00053dc90927a6a1*1 00354c40b4967058*1 0023a68a6fb902c3*1 00145ed1c3536374*1 7fe56f257fd12d5e*1,00354c40b4967058*1 00053dc90927a6a1*1 00145ed1c3536374*1 0023a68a6fb902c3*1 7fe56f257fd12d5e*1,0000000000000000
span_683,00357c18c1d9733e*1 005ece81c5ce6938*1 00258ee63d305fc9*1 004425457f4f5b59*1,00258ee63d305fc9*1 004425457f4f5b59*1,006216c3fb226304
span_684,0068daf7b1794d36*1 007d31f05b25714c*1 00582f176b4551d1*1 0087c940ef0c034c*1,,0097cf6cfb32dcbd
span_685,00bd577fb57b6505*1 00a8deb54e6a2b97*1 00d4148d67627d09*1 009e71afa1288411*1 008a2c2a2f018cbe*1 00c0060d4b51abeb*1,009e71afa1288411*1 00a8deb54e6a2b97*1,00e21f6aa5f11c53
span_686,00d169947ec2401f*1 00b48e2dbde51998*1 00ea2b29e539c616*1 00ccb7ced221e6e6*1 00fd2d76a13e3aac*1,00fd2d76a13e3aac*1 00b48e2dbde51998*1 00ea2b29e539c616*1 00ccb7ced221e6e6*1,00d169947ec2401f
span_687,010d4a17a9485bea*1 00e2cc1ee46204b9*1 00f70f9ea9c41a2e*1,010d4a17a9485bea*1,01003ad70dfa8e45
span_688,0127f14450abe2ad*1 0151690925e793e5*1 0130709a2d2c9e28*1 011375d5dce34b88*1 014eacaf9d086c47*1 016f07bc1ae5bae9*1,016f07bc1ae5bae9*1 014eacaf9d086c47*1 0151690925e793e5*1 011375d5dce34b88*1,013c693c55828f7e
span_689,0185ed04aff2e19d*1 0144adbf0b0cceb7*1 017f9f5159bd04fe*1 015a7d0443dfcbc0*1 01630699443fe9b9*1,015a7d0443dfcbc0*1 01630699443fe9b9*1 017f9f5159bd04fe*1 0185ed04aff2e19d*1,0144adbf0b0cceb7
span_690,018a694e05644b71*1 019a185b6b31d8dd*1 017d9885589dbc51*1,017d9885589dbc51*1 018a694e05644b71*1,019a185b6b31d8dd
span_691,01ad100acc67b536*1 01c183b041be0f07*1 01d8bd341cf5b851*1 01ba0595efd7ce5b*1,01ad100acc67b536*1 01c183b041be0f07*1 01ba0595efd7ce5b*1,01d8bd341cf5b851
span_692,020da17e5cbf4a9c*1 0217570ae18cb85f*1 01df8971e5e8a866*1 01edc798eb49b1d2*1 01f1d6dc957f9736*1,01df8971e5e8a866*1 01f1d6dc957f9736*1 01edc798eb49b1d2*1,022313e507f62ed6
span_693,02203baf75b2d958*1 021b3ba7fb615875*1 02004c0e09ecb212*1,02203baf75b2d958*1 021b3ba7fb615875*1 02004c0e09ecb212*1,0000000000000000
span_694,0287ae3eb0c4baf6*1 0279b740d88ee302*1 02571f92bb9a007a*1 0237b6c89140a283*1 02695a7bab787687*1 02441b9d9473aa7e*1,0279b740d88ee302*1 0287ae3eb0c4baf6*1 02571f92bb9a007a*1,0270ac1e115ebabb
span_695,029493e5b930d03a*1 0282a6851b70b6f4*1 026d2da83fbc9a1b*1 02722142b079b7a0*1,,02a30a96fd7f9670
span_696,029affd2d518744d*1 02a3f85e1c41577a*1 02ca6513eaed6d4f*1 02bb603e4891332f*1 02e0f42e8a574d6b*1 02d055085c896e20*1,02e0f42e8a574d6b*1 029affd2d518744d*1,02e36f56d3d64e41
span_697,02d42c3b2b42c1db*1 02eddaba644d0b21*1 02c18475e12eb0c4*1,,02f628fab91d0c20
span_698,031599868e8dc86e*1 030d583dfe188289*1 02f51fdf01b7344d*1,,0324c6cea703eb63
span_699,0343989b220cb68a*1 03741e7cf6988b28*1 0323cb61e957bb04*1 03606cb852f8d00f*1 03352ea0cd76a8ab*1 03513e8d36e14c07*1,03513e8d36e14c07*1,03805c98d03c5932
span_700,039fd448c4742cb2*1 0383a7c642cc2170*1 03650d44cd405549*1 03563f0ed067a454*1 03735d8b6c3dbfb2*1,03650d44cd405549*1 03563f0ed067a454*1 0383a7c642cc2170*1 039fd448c4742cb2*1 03735d8b6c3dbfb2*1,0000000000000000
span_701,0385a6412f41f5c7*1 03c2510cc82a5401*1 039cb5748223fe1f*1 03b8649a353a89b7*1 03a271e520561c72*1,0385a6412f41f5c7*1 03a271e520561c72*1,03d10d0439860c50
span_702,03d114315c601d50*1 03e91ecb62c3dd2e*1 03fe2b93cfec797c*1 03beeb1b8e43fe63*1 03c84c01be161ba8*1,03e91ecb62c3dd2e*1 03fe2b93cfec797c*1 03d114315c601d50*1,03d3e0c7c29c0d6d
span_703,0429db2b25b0a6f8*1 041c4e5b44ad67e5*1 04026525a4d51da6*1 03f1281ca17592cd*1 03efe224a02165ae*1,0429db2b25b0a6f8*1,0426e39ce9bcc410
span_704,0450c6e536ce492e*1 0466b35c0c5c8649*1 0437db18363eaba4*1 0411e7cdfb766f61*1 044c55a109eaadb3*1 042ad59260036e0d*1,044c55a109eaadb3*1 042ad59260036e0d*1,047150b80f3399e8
span_705,0464aed10aed8c6c*1 04759d7314bff5d7*1 0482b493dff36023*1 044c2e64eea97938*1 0456940ec5e12651*1 049a4cb36a44e6cd*1,0482b493dff36023*1 0456940ec5e12651*1,04a195aebc23f0cd
span_706,048a18362b5cf8ea*1 0470ad1989ac6563*1 04b43103ab75b7c7*1 049939cd11eafb1c*1 04ab16dd4d8ce799*1,049939cd11eafb1c*1 04b43103ab75b7c7*1 04ab16dd4d8ce799*1 048a18362b5cf8ea*1 0470ad1989ac6563*1,0000000000000000
span_707,04d6326b0e631d12*1 04b21eaa9ced8760*1 04c730d657bf923e*1 04a5bc7236f371fe*1,04b21eaa9ced8760*1,04e241324090aa38
span_708,050591a7b8489856*1 04f877582d3a4146*1 04d45814b381f347*1 04e93cd98a18c6b0*1,04f877582d3a4146*1 04e93cd98a18c6b0*1,05081caa4eb8d6bf
span_709,051757a25899b284*1 0500b413466f95aa*1 052f13ee1679b6c7*1,,053776620a313aba
span_710,0561f25b089599e7*1 054db70237f27f7f*1 05396bfe108894a7*1 0559ecfdf0feff6e*1,05396bfe108894a7*1 0561f25b089599e7*1,0564643f867c1f97
span_711,05847d72db5af797*1 057764f74ff9f482*1 05609a8c39e696bd*1,05847d72db5af797*1 057764f74ff9f482*1 05609a8c39e696bd*1,0000000000000000
span_712,0598f6aa63c875a6*1 05ceebdfae524e9c*1 05ec6fe3a67000d4*1 05dac8b58730cf6e*1 05b53344f3b30f13*1 05a56ad24bc29356*1,05b53344f3b30f13*1 05ceebdfae524e9c*1 05dac8b58730cf6e*1 05a56ad24bc29356*1,05ed3798f98e4481
span_713,05c4d610286391c1*1 05fe4e31d9c03a3d*1 05ec537f805073f3*1 05d42a8599bbd5c6*1,05fe4e31d9c03a3d*1 05c4d610286391c1*1,05f3346126972f6b
span_714,0628c25db22973ee*1 05fe2afc0058b3c4*1 060a31a0f99a1d0a*1 0614f2dbb9802a50*1,060a31a0f99a1d0a*1 05fe2afc0058b3c4*1,06319de5c774c48b
span_715,0634182223b79052*1 064afa34c8b371a3*1 06254aa00d2828b1*1,0634182223b79052*1,0650266e65febde8
span_716,068cd9045abdd144*1 066a0f45dc400998*1 069eb986507bc6c7*1 067b656e01695f97*1 065be3898bc6143e*1,066a0f45dc400998*1 068cd9045abdd144*1 067b656e01695f97*1,06a03bdf749c1405
span_717,0680181d19a39cf7*1 06bd5e5983c11c2b*1 069be08ff8ef594a*1 06a25131825cd9ce*1,06bd5e5983c11c2b*1 06a25131825cd9ce*1 0680181d19a39cf7*1,069be08ff8ef594a
span_718,06cfaedd437775ad*1 06db73ab60dcd18a*1 06e6a83a6f8c0a6c*1 06bea2fa7f9a734f*1,06cfaedd437775ad*1 06db73ab60dcd18a*1 06bea2fa7f9a734f*1,06e6a83a6f8c0a6c
span_719,06f196dd9cbb391b*1 06e982d970305a76*1 0713f8195f85f16d*1 0705e58cea815a65*1,06f196dd9cbb391b*1,07210d9d816654f7
span_720,07395c91e42f1e35*1 072ad80b351c7f79*1 07532f6078d5fc63*1 074ced48f70a3404*1 071904aa8ea985b1*1,07395c91e42f1e35*1 071904aa8ea985b1*1,076280832d7f532a
span_721,0745e9f82c02831a*1 078c83454e8cfd49*1 0750c09eeddbe7ab*1 0779702585694426*1 0765c256a41c6e98*1,078c83454e8cfd49*1 0745e9f82c02831a*1,078440bc49773aae
span_722,07a338eb1cfdf966*1 0774b60ad2406e3e*1 078a849998991a26*1 079c684c75901ad5*1,079c684c75901ad5*1 078a849998991a26*1,07a5cfac7746072e
span_723,07d9071922d33b4c*1 07b025527032c6ec*1 07e3818c532dcf9f*1 07aeaf26a438642d*1 07cfab844e035f51*1,07aeaf26a438642d*1 07e3818c532dcf9f*1 07b025527032c6ec*1 07d9071922d33b4c*1,07cfab844e035f51
span_724,0812b35be318e3ba*1 0803805044bb4406*1 0821fcf9b8db47d3*1 07e7b951630a5ce7*1 07d9543d6cbd3b35*1 07f9810cfb45dfef*1,0812b35be318e3ba*1 0803805044bb4406*1,0827735259da9379
span_725,080d497cbbab9ae7*1 081389331b9884bc*1 083fdf5fadc035a2*1 0827b688fd5a1d3f*1,081389331b9884bc*1 0827b688fd5a1d3f*1,0841c447a29ad47f
span_726,08656f155d48eab6*1 08378b63f9c4130c*1 085b5cefbe6f19d2*1 084a953fd01cba7f*1,085b5cefbe6f19d2*1 084a953fd01cba7f*1,08686081dc816d18
span_727,08a74f4fba90b224*1 0871a77f2c113df2*1 08948dc8cc1a69e9*1 0867b7c7f7526801*1 08831c2c0995a436*1,0867b7c7f7526801*1 08831c2c0995a436*1,08b1e5920310076b
span_728,08e7a1a30bc95419*1 08903278fbf46aa6*1 08a9dc3957633be6*1 08c4e665ef49f6d8*1 08b61ea500a64e9e*1 08df7818008554ca*1,08c4e665ef49f6d8*1 08a9dc3957633be6*1 08903278fbf46aa6*1 08b61ea500a64e9e*1,08f3aed78605ff3f
span_729,08e804f8ffc778ce*1 0914c80b87ea8b57*1 08f47c7dc3b9ab5c*1 09088c53929c4d05*1 08c7d0abcadfc278*1 08d4ce2ce29d4da5*1,08c7d0abcadfc278*1,09253d6b5824f052
span_730,09436a95474c2afd*1 09053d6ae73cb655*1 0938ac82323e1e3f*1 09293804d37b7a5b*1 091574560a89e161*1 08fa960ac11272f9*1,09293804d37b7a5b*1 0938ac82323e1e3f*1 091574560a89e161*1,0945931c4bc889fa
span_731,095c7f4b969976e8*1 0944734b099c0e49*1 0933ce41f25b2066*1 096a7e0ac2e558e5*1 09285e5c98180e6f*1 0973657b1f2bf4ad*1,09285e5c98180e6f*1,0985c7d0734f1954
span_732,097f1d5fb989cc58*1 0962ea38b3ef42b4*1 095f30f4fe6a8d72*1,097f1d5fb989cc58*1,09714159999244b6
span_733,09ab5d122f9c4bc0*1 0983708c9cd2612f*1 099646ec5a9711ca*1 09b270d9f685c9ae*1,09ab5d122f9c4bc0*1 09b270d9f685c9ae*1 099646ec5a9711ca*1,0983708c9cd2612f
span_734,09da92f10856685d*1 09eefe2efc9efcc2*1 09c43d6a2b4b6a95*1 09b6f5f5ea00b155*1,09eefe2efc9efcc2*1 09da92f10856685d*1,09cfb865204bc340
span_735,0a0a15a483b94fda*1 09fa6a29aaf74355*1 09ef1fba34c49fd5*1,,0a178953f3330cbd
span_736,0a101535fd97d2d3*1 0a389a24033662e7*1 0a4854d4dd8ad035*1 0a2a77235d744b80*1,0a2a77235d744b80*1 0a4854d4dd8ad035*1,0a3c9f71829c579c
span_737,0a4f5c72e5422060*1 0a72ebd5f0705850*1 0a63d1db74657a31*1 0a52fda78a73fa55*1,0a4f5c72e5422060*1 0a52fda78a73fa55*1 0a63d1db74657a31*1,0a72ebd5f0705850
span_738,0a80740284cc9c61*1 0ab81272001336e1*1 0aaf50794121bdca*1 0a9f718acaa97669*1 0a7fb754f6d34a02*1,0a9f718acaa97669*1 0aaf50794121bdca*1 0a80740284cc9c61*1,0aba0de74f806b81
span_739,0acf4dc9fe5283a9*1 0aa05dfc6de705ad*1 0ab1ac0bed36bb8c*1 0ad08b7b64524af0*1,0ab1ac0bed36bb8c*1,0ae11f0ff89c36bd
span_740,0b11e08741850a0e*1 0b2c74c566b66b81*1 0afc51b43ba91416*1 0b0504e284a21aaa*1 0ad1f5def88804d9*1 0aed868f6eeed138*1,0b0504e284a21aaa*1 0b11e08741850a0e*1 0b2c74c566b66b81*1 0aed868f6eeed138*1 0afc51b43ba91416*1 0ad1f5def88804d9*1,0000000000000000
span_741,0b089591d16281a3*1 0b2e64053c3cfab4*1 0b47e88785efb037*1 0b1bb77b53b49271*1 0b344d82891d59db*1,0b2e64053c3cfab4*1 0b47e88785efb037*1,0b3e4e139836ceac
span_742,0b6c9c8eb60506a2*1 0b41a9877094e046*1 0b8b0e7d15c151da*1 0b3e73f7faabf13e*1 0b57a20ed9ffb8ea*1 0b795b0d9bccbf2e*1,0b795b0d9bccbf2e*1 0b3e73f7faabf13e*1 0b41a9877094e046*1 0b6c9c8eb60506a2*1,0b8e02bef10148f7
span_743,0b8a27620acda28e*1 0ba66a9ae1b51fda*1 0b6445caa103fdec*1 0b73220435bb66ad*1 0b9c2213ce3ab3b9*1,0ba66a9ae1b51fda*1 0b6445caa103fdec*1,0ba6ff22f0882f56
span_744,0b9c031e17fd4fa0*1 0bb4f64403c97fc7*1 0bcca58816b0c089*1 0bd959c2fe5498e4*1 0ba23745e5f21f58*1,0bcca58816b0c089*1,0be14f374ec288dd
span_745,0bc39f6159edfa7d*1 0bf403a1513e7f39*1 0be0796555c31309*1 0bd791d58c1a67ec*1 0c05cfe4b9944c95*1 0c17744cb86ba6f0*1,0bc39f6159edfa7d*1 0c05cfe4b9944c95*1 0be0796555c31309*1,0c1dee52657ced3d
span_746,0bfff364b1cb9db1*1 0c2febf8ec5a07c8*1 0c156ba7c25bd0c6*1 0c00079b66a10421*1,0bfff364b1cb9db1*1 0c156ba7c25bd0c6*1,0c31f6efe3012468
span_747,0c7e8181bb5cb4e8*1 0c250b580a80eee8*1 0c3a1ab80f331c51*1 0c5e55ecbe18da19*1 0c44060468242113*1 0c611e50e6769fdc*1,0c7e8181bb5cb4e8*1 0c3a1ab80f331c51*1,0c734dbef01a120e
span_748,0c835638bb0338f2*1 0c5f12e5549f99b3*1 0c9efd90b2439bf2*1 0c63f0103511d472*1 0c7b8fe2b38ee49a*1,0c9efd90b2439bf2*1 0c5f12e5549f99b3*1 0c835638bb0338f2*1,0c82c3f5670be76a
span_749,0c8487b4f011a710*1 0cb2c5ef569ffa48*1 0ca0e49ef993336a*1 0ccf290e13602b27*1 0c9d4d344342108c*1,,0cd8dba7aa3f28d4
span_750,0ce4077b2dbeca75*1 0cf09645a7c9fb6d*1 0cc42b466c7155d3*1 0cdfde24d1534d18*1 0cb72b692ee49962*1,0cc42b466c7155d3*1 0cdfde24d1534d18*1,0cfc0cb9d197aa3e
span_751,0cea0e6d3f47dbf8*1 0d27190cc7f5a56e*1 0d1ce3cbf0be15a6*1 0d0cd10191e8406f*1 0cf81c29ca5aa4ab*1,0d1ce3cbf0be15a6*1 0d27190cc7f5a56e*1 0cea0e6d3f47dbf8*1,0d146f8b3b8ac962
span_752,0d61e4109e37bdf5*1 0d54df8408837278*1 0d1cc960750e6597*1 0d26a753856e52e2*1 0d48e174a2d0d202*1 0d3d8eb4e67335df*1,0d3d8eb4e67335df*1 0d61e4109e37bdf5*1,0d62f8df68f54617
span_753,0d7bdaa63c4c1fd8*1 0d595dc05d6dec32*1 0d493ea8b4888d4f*1 0d8d35b9d6c4f986*1 0d9e7f3ded78fad6*1 0d6c70649bf4c103*1,0d7bdaa63c4c1fd8*1 0d9e7f3ded78fad6*1,0d9488baca5c3811
span_754,0d97040d86d454b7*1 0d73d825da857ba6*1 0d8a9258836628bc*1,0d97040d86d454b7*1 0d8a9258836628bc*1 0d73d825da857ba6*1,0000000000000000
span_755,0dbb0b74efd00c94*1 0ddd01625787a0be*1 0deadc1984adc2b0*1 0dca50cba16bbe7a*1 0da746f012baaccf*1,,0dfa636d9bf91786
span_756,0de108714e642a7d*1 0dd93270adb5a2bf*1 0df0b6251a4429d5*1 0e1bf8b0ca75b644*1 0e0c22b563f8e4a7*1,0dd93270adb5a2bf*1 0e0c22b563f8e4a7*1,0e2123a41d69a304
span_757,0e352e0f3c6f4760*1 0e047aa7d6136534*1 0e2c3ae47409245b*1 0e513feadae57bf9*1 0e4c8ca65bca0cd9*1 0e13edd9c4386007*1,0e13edd9c4386007*1 0e047aa7d6136534*1 0e513feadae57bf9*1 0e352e0f3c6f4760*1 0e4c8ca65bca0cd9*1,0e2c3ae47409245b
span_758,0e36069866d996bc*1 0e5a6f8f6168afda*1 0e72001dd9c98ca0*1 0e6fb072a5c042cf*1 0e4b50fac175d378*1,0e4b50fac175d378*1 0e72001dd9c98ca0*1 0e36069866d996bc*1 0e6fb072a5c042cf*1,0e5a6f8f6168afda
span_759,0e619af944066dc3*1 0ead2f64dc73f3d1*1 0e7e318994300736*1 0e9bd5fc11f90bb6*1 0e8fd773c5d18302*1,0ead2f64dc73f3d1*1 0e8fd773c5d18302*1 0e9bd5fc11f90bb6*1 0e7e318994300736*1,0e619af944066dc3
span_760,0ec35b20e7d37ae9*1 0eda20ac30a4cd6d*1 0eb628e0ba2104ec*1 0e916d288a4e8d06*1 0ea51fbb59ae5c86*1 0ee6f198c4d333f1*1,0ec35b20e7d37ae9*1,0ef45237f72b8abb
span_761,0ee2528824c94e7a*1 0ed2c42e5b0e6d89*1 0ec22619417cb096*1 0efb31beeb106920*1,0ed2c42e5b0e6d89*1 0efb31beeb106920*1 0ec22619417cb096*1,0ee2528824c94e7a
span_762,0f0ffaf090e2f94e*1 0f1b214a17ef6718*1 0f2d762bb48643f4*1 0efcff4953d66f4a*1,0f2d762bb48643f4*1 0f1b214a17ef6718*1,0f173d4a9d67187a
span_763,0f5ee00d02418307*1 0f37831a21f5a82b*1 0f2b5cb610ce9919*1 0f43bee5af19fee6*1,0f43bee5af19fee6*1 0f5ee00d02418307*1,0f4298ba952e7a5c
span_764,0f549e6bb3237cfc*1 0f7ee7be85c4087f*1 0f673ad2b81c5832*1,0f673ad2b81c5832*1,0f8207acb94673df
span_765,0fa8a659e94a1b86*1 0f927567df94c873*1 0f897a3347ca98ae*1 0fb8a2f4f952338e*1,0fb8a2f4f952338e*1 0f897a3347ca98ae*1,0fb0f086ec8a3fe0
span_766,0fc1a1e36f8e2a54*1 0febc2927d92b157*1 0fb9ced066070f0b*1 0fd873f9be980960*1,0febc2927d92b157*1 0fc1a1e36f8e2a54*1,0fdee7add819cd23
span_767,0ff9edea3765a3fc*1 101c7286f48ac404*1 100348fac7a4f8a1*1 0fe347926caf6a5b*1 10252728ba8adfca*1,0fe347926caf6a5b*1 100348fac7a4f8a1*1 101c7286f48ac404*1 10252728ba8adfca*1,0ff9edea3765a3fc
span_768,103b777fd58d75bd*1 1023a109a8260831*1 101aaf696e310e18*1,103b777fd58d75bd*1,10307c5f2f9f479e
span_769,10594c5ea704b0b0*1 104cf477dc924929*1 10781d06426e4684*1 106ba486f0adc851*1,106ba486f0adc851*1,1081075673e0ddeb
span_770,10c24cf91989e571*1 10acefce2612ce15*1 1096ff4ce4ba0c8e*1 1073e402d83cfcd0*1 10b5c8faa9b67cb1*1 1081e1aea4cc8ba9*1,10acefce2612ce15*1 1081e1aea4cc8ba9*1 1073e402d83cfcd0*1 10c24cf91989e571*1,10bb88cde2e4ffd4
span_771,10f7337639f5d645*1 10b8f8d4087dd08f*1 10acc66d281ca9b4*1 10de5239721b58ba*1 10e3614f9eb8672d*1 10c56f7d863652dd*1,10de5239721b58ba*1 10b8f8d4087dd08f*1,11023c2091acdcc2
span_772,10fe9cdd627bbc2c*1 112a4a4b71396e74*1 111aab62535834e0*1 10db372b84ca0e41*1 1109370cdece18b5*1 10e7a53e500b05c4*1,1109370cdece18b5*1,1136e3d2c42e009c
span_773,1126a6a5286e4f28*1 11377c47b6b4c9fa*1 110dbcd4ed2b9077*1 1110bf31b6f5fc93*1,1126a6a5286e4f28*1 110dbcd4ed2b9077*1 11377c47b6b4c9fa*1,1110bf31b6f5fc93
span_774,115c45e7c74ba7f3*1 1165a312e2a5d4ab*1 1134510c05204cba*1 1149a61582a512ff*1,115c45e7c74ba7f3*1 1165a312e2a5d4ab*1,1151e74dc29a9cae
span_775,119e7f8cc548e3b2*1 116974f95d758e22*1 1183ac98b97fd617*1 1176bdb4eff3a035*1 11a954d349b85ade*1,11a954d349b85ade*1 1183ac98b97fd617*1 119e7f8cc548e3b2*1,1181bc18cf5733a3
span_776,11b84f9b22bf557c*1 11a467f24668a59a*1 11dc2af425c1b3a4*1 11c97eb58fa91a63*1 1199a6fc8977251a*1,1199a6fc8977251a*1 11c97eb58fa91a63*1,11e265ec9b9f4edb
span_777,11d2ddda4620f543*1 11e294ae4a291284*1 11c8ae644411b719*1,11e294ae4a291284*1,11df350c6829d0d0
span_778,11fbe082989c0d82*1 12127c69d3ef39e5*1 12247f7542b83c20*1 120aeaddddd7fb1b*1,12127c69d3ef39e5*1,122eb63d0d41bc97
span_779,123d951b8023f235*1 1253d5d01c65442d*1 1229c5902ebc43cf*1 12469b011ea770ce*1,123d951b8023f235*1 1253d5d01c65442d*1 1229c5902ebc43cf*1,12469b011ea770ce
span_780,1266bd160503e5b2*1 127dcb645b6bed72*1 125c1e6d15a4378b*1 128e18ce94bd48dc*1,128e18ce94bd48dc*1,128818c551ab7717
span_781,129bdd48a2faf714*1 12be41d4ef156ec5*1 128d09e8147f9edc*1 12cbd03656a80ee4*1 12aac3ce7fdbeab6*1,12cbd03656a80ee4*1,12cb1e25ad290ae0
span_782,12b57575368088e7*1 12e226cde7820e28*1 12fd1174e9eccf73*1 12d9197e7f3cbeac*1 12c3b7d065b0b257*1,12b57575368088e7*1 12c3b7d065b0b257*1 12fd1174e9eccf73*1,12eeb38d27206d7e
span_783,12f88ef0d71e9ac3*1 130b513d0ab2b786*1 1319d27159b0fd3c*1 12e893197e80b19c*1 13288808a5538972*1 1339b36cdd0da90c*1,12f88ef0d71e9ac3*1 1339b36cdd0da90c*1,1336e76116606086
span_784,133ff0c7cca0bc7e*1 132d35f43589c136*1 131d43e15192b424*1,133ff0c7cca0bc7e*1 132d35f43589c136*1,131d43e15192b424
span_785,135de3814af70924*1 1347c7f735a18f38*1 136612ffdcadd89b*1,1347c7f735a18f38*1 136612ffdcadd89b*1,135de3814af70924
span_786,137eef63334060b9*1 1391412e1eb69c20*1 1380d6a52f796ecf*1,1391412e1eb69c20*1 1380d6a52f796ecf*1,137eef63334060b9
span_787,13dee475ddb91a84*1 13b5565345a201aa*1 13af2977d9739927*1 13ea484a320c99a4*1 13f99765d746fb21*1 13c6786d372955fd*1,13af2977d9739927*1 13f99765d746fb21*1 13ea484a320c99a4*1 13dee475ddb91a84*1,13d091cb6cfd2b69
span_788,13deda7d019154bf*1 13e639dd7448ad34*1 14076083cef9c58f*1 13f841e51c4f3f86*1 1419b59dd02254dc*1,14076083cef9c58f*1 13e639dd7448ad34*1,1420d9df73a79d05
span_789,141d9985d07c1145*1 140e0384eddb3ad6*1 1430ee97bbc36bb9*1 142ef2edd9a3bbcb*1 1449592deba41f14*1,142ef2edd9a3bbcb*1,1453b1f169398563
span_790,14709c133daf641a*1 144be009eeee3abf*1 1431d9324244a168*1 146764eedead1176*1 145f1fc551c06e0c*1,146764eedead1176*1 144be009eeee3abf*1,14798197b643c9b4
span_791,1482ac02562819d7*1 1475f289217a2a48*1 1463396fa64b173b*1,1475f289217a2a48*1 1463396fa64b173b*1,1482ac02562819d7
span_792,14910c8679d56956*1 14d33eb954fd4a30*1 14bd536a8ea18b70*1 14e536d4ded5ae18*1 14c983c07ab92a0d*1 14af4eece3eacf5f*1,14bd536a8ea18b70*1 14d33eb954fd4a30*1 14af4eece3eacf5f*1 14910c8679d56956*1 14e536d4ded5ae18*1 14c983c07ab92a0d*1,0000000000000000
span_793,14d9cc42788d025e*1 14e2e666f4f32ebc*1 14f223a7a4a26be7*1 14cabdc3123b641d*1,14e2e666f4f32ebc*1 14f223a7a4a26be7*1,14e3959200d55a36
span_794,15225193fc69ab9b*1 14f26b00aae939cd*1 151daf9aacd7bbbc*1 1505e1334373ad52*1,15225193fc69ab9b*1,15269d7a3ca5f06c
span_795,1529e55f458a31e9*1 1537f308fdf2083b*1 15561a1255d8fbf1*1 154dddffee70dd22*1,15561a1255d8fbf1*1 1537f308fdf2083b*1,15522babdfe9b4ce
span_796,1578a561cd2f5abf*1 1563bc1ac70ac444*1 155588453f68c1c9*1 158ffd2e31b1df4c*1,1563bc1ac70ac444*1 1578a561cd2f5abf*1,1591571b6ccf7bc3
span_797,158e9451ac8c97d8*1 1596394dde61c494*1 15a5fa1e03e61be6*1 15b7b28207db4bfd*1,15b7b28207db4bfd*1 158e9451ac8c97d8*1 1596394dde61c494*1,15a5fa1e03e61be6
span_798,15db29139e043dd9*1 15e589090b97e4dd*1 15bc2edc745e951b*1 15c70af14c14574f*1 1608555776e9e7e3*1 15f127dd37c6267d*1,15f127dd37c6267d*1 15db29139e043dd9*1 1608555776e9e7e3*1 15c70af14c14574f*1 15bc2edc745e951b*1,15e589090b97e4dd
span_799,1601b316511402a8*1 15e7e3825352d64d*1 15ff60a20f61fb73*1,15e7e3825352d64d*1 15ff60a20f61fb73*1 1601b316511402a8*1,0000000000000000
cancel_817,7fefffffffffffff*559 0003dd0c1593dbfc*1,7fefffffffffffff*559,0003dd0c1593dbfc
overflow_818,7fe7a8a3a0ae964d*604,7fe7a8a3a0ae964d*283,overflow
borrow_819,4b30000000000000*1 000d9cae34550c4c*1 7440000000000000*1,7440000000000000*1 4b30000000000000*1,000d9cae34550c4c
midpoint_820,03e06d9057383723*1 0090000000000000*1 0000000000000001*1,,03e06d9057383724
cancel_821,7fefffffffffffff*879 00023479f7c9aea1*1,7fefffffffffffff*879,00023479f7c9aea1
overflow_822,7fc33c4df8d3c47e*139,7fc33c4df8d3c47e*24,overflow
borrow_823,0460000000000000*1 000484d9fc8d8642*1 7590000000000000*1,7590000000000000*1 0460000000000000*1,000484d9fc8d8642
midpoint_824,6ae12b4621834849*1 6790000000000000*1 0000000000000001*1,,6ae12b462183484a
cancel_825,7fefffffffffffff*999 00055784b9de7854*1,7fefffffffffffff*999,00055784b9de7854
overflow_826,7fd58bc2bddee3fc*108,7fd58bc2bddee3fc*52,overflow
borrow_827,5b60000000000000*1 0009c9d10c4f4791*1 0ad0000000000000*1,0ad0000000000000*1 5b60000000000000*1,0009c9d10c4f4791
midpoint_828,6258874b8616fecd*1 5f00000000000000*1 0000000000000001*1,,6258874b8616fece
cancel_829,7fefffffffffffff*327 0007b7c0ee02fde3*1,7fefffffffffffff*327,0007b7c0ee02fde3
overflow_830,7fd4e16d2b2d8f8a*166,7fd4e16d2b2d8f8a*146,overflow
borrow_831,54a0000000000000*1 00059afafb4adb41*1 7590000000000000*1,7590000000000000*1 54a0000000000000*1,00059afafb4adb41
midpoint_832,227dd89527526e84*1 1f20000000000000*1 0000000000000001*1,,227dd89527526e85
cancel_833,7fefffffffffffff*338 00005a5038cdd126*1,7fefffffffffffff*338,00005a5038cdd126
overflow_834,7fd0dfef35b90da5*70,7fd0dfef35b90da5*25,overflow
borrow_835,7430000000000000*1 000afe5c56911f99*1 12e0000000000000*1,12e0000000000000*1 7430000000000000*1,000afe5c56911f99
midpoint_836,2b430d9a630c4ec9*1 27f0000000000000*1,,2b430d9a630c4eca
cancel_837,7fefffffffffffff*1235 0004926513a984df*1,7fefffffffffffff*1235,0004926513a984df
overflow_838,7fdaf7e8c26c4cd6*1159,7fdaf7e8c26c4cd6*892,overflow
borrow_839,32a0000000000000*1 0008f178793adac2*1 4270000000000000*1,4270000000000000*1 32a0000000000000*1,0008f178793adac2
midpoint_840,29f81b4ed583021f*1 26a0000000000000*1 0000000000000001*1,,29f81b4ed5830220
cancel_841,7fefffffffffffff*798 00023dfa8312a0ef*1,7fefffffffffffff*798,00023dfa8312a0ef
overflow_842,7fdb15fec96b2611*355,7fdb15fec96b2611*81,overflow
borrow_843,3980000000000000*1 000e98bdaca7b5d2*1 5100000000000000*1,5100000000000000*1 3980000000000000*1,000e98bdaca7b5d2
midpoint_844,693a0cd15c0f0f34*1 65e0000000000000*1,,693a0cd15c0f0f34
cancel_845,7fefffffffffffff*433 00016075f14998f1*1,7fefffffffffffff*433,00016075f14998f1
overflow_846,7fe19ae044ac1224*1215,7fe19ae044ac1224*609,overflow
borrow_847,26e0000000000000*1 000cb60a3d1e2ee7*1 7030000000000000*1,7030000000000000*1 26e0000000000000*1,000cb60a3d1e2ee7
midpoint_848,1aeeb0ef9f781376*1 1790000000000000*1,,1aeeb0ef9f781376
cancel_849,7fefffffffffffff*865 000dc4b6b5b46cc8*1,7fefffffffffffff*865,000dc4b6b5b46cc8
overflow_850,7fdebdd95a105ff5*129,7fdebdd95a105ff5*9,overflow
borrow_851,4330000000000000*1 000a7312e2dbd712*1 6710000000000000*1,6710000000000000*1 4330000000000000*1,000a7312e2dbd712
midpoint_852,7fa24fb1aa3058ce*1 7c50000000000000*1,,7fa24fb1aa3058ce
cancel_853,7fefffffffffffff*781 0003e9aaaba91830*1,7fefffffffffffff*781,0003e9aaaba91830
overflow_854,7fbc7e6bba43ec49*825,7fbc7e6bba43ec49*68,overflow
borrow_855,2e50000000000000*1 000c9a350f0d0f7c*1 0120000000000000*1,0120000000000000*1 2e50000000000000*1,000c9a350f0d0f7c
midpoint_856,4747522f9d8af8cc*1 43f0000000000000*1 0000000000000001*1,,4747522f9d8af8cd
cancel_857,7fefffffffffffff*490 00093d6f67e36a87*1,7fefffffffffffff*490,00093d6f67e36a87
overflow_858,7fd9878a438be0a8*1257,7fd9878a438be0a8*963,overflow
borrow_859,4020000000000000*1 0002e1a4ff52498d*1 7400000000000000*1,7400000000000000*1 4020000000000000*1,0002e1a4ff52498d
midpoint_860,25c109db1c61d852*1 2270000000000000*1 0000000000000001*1,,25c109db1c61d853
cancel_861,7fefffffffffffff*1116 000806037fb3216b*1,7fefffffffffffff*1116,000806037fb3216b
overflow_862,7fbe390b1301e084*895,7fbe390b1301e084*119,overflow
borrow_863,5230000000000000*1 0007f13ad7f87950*1 3da0000000000000*1,3da0000000000000*1 5230000000000000*1,0007f13ad7f87950
midpoint_864,5880ecaf3cb9e8f8*1 5530000000000000*1 0000000000000001*1,,5880ecaf3cb9e8f9
cancel_865,7fefffffffffffff*188 0002082ff4f6a01c*1,7fefffffffffffff*188,0002082ff4f6a01c
overflow_866,7fbd042e4d1580ff*346,7fbd042e4d1580ff*105,overflow
borrow_867,6670000000000000*1 00057b451c52e0a6*1 4bf0000000000000*1,4bf0000000000000*1 6670000000000000*1,00057b451c52e0a6
midpoint_868,0b92971a83593086*1 0840000000000000*1 0000000000000001*1,,0b92971a83593087
cancel_869,7fefffffffffffff*1298 000e540f19c73ad7*1,7fefffffffffffff*1298,000e540f19c73ad7
overflow_870,7fb36998b4840de2*245,7fb36998b4840de2*186,overflow
borrow_871,7de0000000000000*1 0000a7e91f186515*1 3c90000000000000*1,3c90000000000000*1 7de0000000000000*1,0000a7e91f186515
midpoint_872,18758d22ea30ebe9*1 1520000000000000*1 0000000000000001*1,,18758d22ea30ebea
cancel_873,7fefffffffffffff*319 000026316a5e3fef*1,7fefffffffffffff*319,000026316a5e3fef
overflow_874,7fb9840dca682a2a*52,7fb9840dca682a2a*51,7fb9840dca682a2a
borrow_875,3c00000000000000*1 000bd364fc36ada5*1 5370000000000000*1,5370000000000000*1 3c00000000000000*1,000bd364fc36ada5
midpoint_876,507601c7a5ec6025*1 4d20000000000000*1 0000000000000001*1,,507601c7a5ec6026
cancel_877,7fefffffffffffff*634 000b7e4f92871b05*1,7fefffffffffffff*634,000b7e4f92871b05
overflow_878,7fda2fe3145a2ac5*169,7fda2fe3145a2ac5*36,overflow
borrow_879,78a0000000000000*1 00018de42cf08e26*1 5bc0000000000000*1,5bc0000000000000*1 78a0000000000000*1,00018de42cf08e26
midpoint_880,026c0fc6316dadbd*1 0000001000000000*1 0000000000000001*1,,026c0fc6316dadbe
cancel_881,7fefffffffffffff*759 000d50d5f1a568d9*1,7fefffffffffffff*759,000d50d5f1a568d9
overflow_882,7fc2d65827181ddb*1291,7fc2d65827181ddb*402,overflow
borrow_883,0a10000000000000*1 000e242697e324ad*1 5370000000000000*1,5370000000000000*1 0a10000000000000*1,000e242697e324ad
midpoint_884,2e009b55ebc5205c*1 2ab0000000000000*1,,2e009b55ebc5205c
cancel_885,7fefffffffffffff*410 0007f8631dff70fa*1,7fefffffffffffff*410,0007f8631dff70fa
overflow_886,7fc89f3af40f0c89*602,7fc89f3af40f0c89*50,overflow
borrow_887,1840000000000000*1 0002c58dbaf0b548*1 1d50000000000000*1,1d50000000000000*1 1840000000000000*1,0002c58dbaf0b548
midpoint_888,1197ae1f63efd1c5*1 0e40000000000000*1 0000000000000001*1,,1197ae1f63efd1c6
cancel_889,7fefffffffffffff*445 000b9c7ff3ce26e3*1,7fefffffffffffff*445,000b9c7ff3ce26e3
overflow_890,7fc52ba3bf15c2f7*1133,7fc52ba3bf15c2f7*887,overflow
borrow_891,2b20000000000000*1 000683ac6aba7cf2*1 7410000000000000*1,7410000000000000*1 2b20000000000000*1,000683ac6aba7cf2
midpoint_892,7df7bb4f8ab97b31*1 7aa0000000000000*1,,7df7bb4f8ab97b32
cancel_893,7fefffffffffffff*654 000865c4b83494ef*1,7fefffffffffffff*654,000865c4b83494ef
overflow_894,7fbe31a3c64722cf*198,7fbe31a3c64722cf*2,overflow
borrow_895,3d60000000000000*1 000afa1e1de2a012*1 6f80000000000000*1,6f80000000000000*1 3d60000000000000*1,000afa1e1de2a012
midpoint_896,77c57715e933a53f*1 7470000000000000*1,,77c57715e933a540
cancel_897,7fefffffffffffff*629 000dc66681d282b4*1,7fefffffffffffff*629,000dc66681d282b4
overflow_898,7fb558631db41a60*1004,7fb558631db41a60*685,overflow
borrow_899,4370000000000000*1 0000f635395131df*1 2d70000000000000*1,2d70000000000000*1 4370000000000000*1,0000f635395131df
midpoint_900,7b3f2126a9217f8a*1 77e0000000000000*1,,7b3f2126a9217f8a
cancel_901,7fefffffffffffff*557 000c2b1be6515ca0*1,7fefffffffffffff*557,000c2b1be6515ca0
overflow_902,7fbfd5580b1d4852*1229,7fbfd5580b1d4852*1151,overflow
borrow_903,27b0000000000000*1 0002815776ac0e2f*1 0860000000000000*1,0860000000000000*1 27b0000000000000*1,0002815776ac0e2f
midpoint_904,3fab311dcab4fff2*1 3c50000000000000*1 0000000000000001*1,,3fab311dcab4fff3
cancel_905,7fefffffffffffff*956 000e37d4a092c621*1,7fefffffffffffff*956,000e37d4a092c621
overflow_906,7fd2517f70d80fdf*178,7fd2517f70d80fdf*60,overflow
borrow_907,26c0000000000000*1 00025410b2c975c4*1 75b0000000000000*1,75b0000000000000*1 26c0000000000000*1,00025410b2c975c4
midpoint_908,716526a1c17d90aa*1 6e10000000000000*1,,716526a1c17d90aa
cancel_909,7fefffffffffffff*846 000101ab5b53882f*1,7fefffffffffffff*846,000101ab5b53882f
overflow_910,7fdf8a0ae0ea0018*567,7fdf8a0ae0ea0018*284,overflow
borrow_911,6500000000000000*1 000436a155cadc58*1 33d0000000000000*1,33d0000000000000*1 6500000000000000*1,000436a155cadc58
midpoint_912,70772d67f8fe931b*1 6d20000000000000*1,,70772d67f8fe931c
cancel_913,7fefffffffffffff*504 000ca946d03f0e2b*1,7fefffffffffffff*504,000ca946d03f0e2b
overflow_914,7fe37de0f9910baa*922,7fe37de0f9910baa*151,overflow
borrow_915,4450000000000000*1 0001eb2149a241cd*1 6030000000000000*1,6030000000000000*1 4450000000000000*1,0001eb2149a241cd
midpoint_916,50d131c7fb377fe0*1 4d80000000000000*1,,50d131c7fb377fe0
cancel_917,7fefffffffffffff*161 0006ded34f89739c*1,7fefffffffffffff*161,0006ded34f89739c
overflow_918,7fbd7d88bff38a9e*189,7fbd7d88bff38a9e*167,overflow
borrow_919,6810000000000000*1 000146956927b00e*1 7950000000000000*1,7950000000000000*1 6810000000000000*1,000146956927b00e
midpoint_920,75b489cbebc10806*1 7260000000000000*1,,75b489cbebc10806
cancel_921,7fefffffffffffff*1107 0009566940eecc1e*1,7fefffffffffffff*1107,0009566940eecc1e
overflow_922,7fd12dc9f120f07a*633,7fd12dc9f120f07a*546,overflow
borrow_923,5bd0000000000000*1 0005ed09c0f2ebac*1 0f50000000000000*1,0f50000000000000*1 5bd0000000000000*1,0005ed09c0f2ebac
midpoint_924,47899669c9de6e23*1 4430000000000000*1,,47899669c9de6e24
cancel_925,7fefffffffffffff*532 00057669d30131a3*1,7fefffffffffffff*532,00057669d30131a3
overflow_926,7fe1cc15396742e6*728,7fe1cc15396742e6*325,overflow
borrow_927,5100000000000000*1 000825b820e5e1f3*1 52b0000000000000*1,52b0000000000000*1 5100000000000000*1,000825b820e5e1f3
midpoint_928,44ec0c335fb7e7b5*1 4190000000000000*1 0000000000000001*1,,44ec0c335fb7e7b6
cancel_929,7fefffffffffffff*434 000121b645054fbb*1,7fefffffffffffff*434,000121b645054fbb
overflow_930,7fcd12800ca31544*983,7fcd12800ca31544*148,overflow
borrow_931,67d0000000000000*1 000408ca0db35b72*1 5ad0000000000000*1,5ad0000000000000*1 67d0000000000000*1,000408ca0db35b72
midpoint_932,6015933c4b88cf0f*1 5cc0000000000000*1 0000000000000001*1,,6015933c4b88cf10
cancel_933,7fefffffffffffff*1036 000d8fbf58ef98a4*1,7fefffffffffffff*1036,000d8fbf58ef98a4
overflow_934,7fbeb7783f8b4d13*268,7fbeb7783f8b4d13*23,overflow
borrow_935,0990000000000000*1 000be64d336de5bd*1 6e60000000000000*1,6e60000000000000*1 0990000000000000*1,000be64d336de5bd
midpoint_936,033c12d2fefd7c20*1 0002000000000000*1 0000000000000001*1,,033c12d2fefd7c21
cancel_937,7fefffffffffffff*681 00022f6505785c33*1,7fefffffffffffff*681,00022f6505785c33
overflow_938,7fbf5a9eb8ded4ea*890,7fbf5a9eb8ded4ea*326,overflow
borrow_939,73d0000000000000*1 00047680ca9d62dc*1 0f50000000000000*1,0f50000000000000*1 73d0000000000000*1,00047680ca9d62dc
midpoint_940,3bef7d811251a736*1 3890000000000000*1,,3bef7d811251a736
cancel_941,7fefffffffffffff*191 00075678a91b73f9*1,7fefffffffffffff*191,00075678a91b73f9
overflow_942,7fe86882287dd13d*314,7fe86882287dd13d*238,overflow
borrow_943,4b40000000000000*1 00060148a8332e3e*1 6ba0000000000000*1,6ba0000000000000*1 4b40000000000000*1,00060148a8332e3e
midpoint_944,227e3c119930fa81*1 1f20000000000000*1 0000000000000001*1,,227e3c119930fa82
cancel_945,7fefffffffffffff*1049 0007ac11d492815e*1,7fefffffffffffff*1049,0007ac11d492815e
overflow_946,7fbe3e0df432ae9b*949,7fbe3e0df432ae9b*541,overflow
borrow_947,4970000000000000*1 0003a7b9c2a57e57*1 6120000000000000*1,6120000000000000*1 4970000000000000*1,0003a7b9c2a57e57
midpoint_948,6a2b5fdcbeed0522*1 66d0000000000000*1,,6a2b5fdcbeed0522
cancel_949,7fefffffffffffff*1103 000ea151b6906c27*1,7fefffffffffffff*1103,000ea151b6906c27
overflow_950,7fb1901fb7dec03c*394,7fb1901fb7dec03c*74,overflow
borrow_951,79a0000000000000*1 00045239f997424c*1 6770000000000000*1,6770000000000000*1 79a0000000000000*1,00045239f997424c
midpoint_952,6bd8b15ddc6a088b*1 6880000000000000*1,,6bd8b15ddc6a088c
cancel_953,7fefffffffffffff*358 00016ce09cec03df*1,7fefffffffffffff*358,00016ce09cec03df
overflow_954,7fdf463083fa7d52*723,7fdf463083fa7d52*174,overflow
borrow_955,41f0000000000000*1 00039d537e9121ae*1 50c0000000000000*1,50c0000000000000*1 41f0000000000000*1,00039d537e9121ae
midpoint_956,5f64ca3aa3ea28bf*1 5c10000000000000*1,,5f64ca3aa3ea28c0
cancel_957,7fefffffffffffff*574 000bf9dc37623564*1,7fefffffffffffff*574,000bf9dc37623564
overflow_958,7fcddb4e7d7f97d9*241,7fcddb4e7d7f97d9*237,7feddb4e7d7f97d9
borrow_959,1b90000000000000*1 0003d0a1d152d28b*1 7f70000000000000*1,7f70000000000000*1 1b90000000000000*1,0003d0a1d152d28b
midpoint_960,6f6ac33439ce4fe7*1 6c10000000000000*1,,6f6ac33439ce4fe8
cancel_961,7fefffffffffffff*427 000e17ebe4e8efef*1,7fefffffffffffff*427,000e17ebe4e8efef
overflow_962,7fb09f9ebbfe4c9a*278,7fb09f9ebbfe4c9a*8,overflow
borrow_963,2a90000000000000*1 000d53f543f0e5fe*1 42d0000000000000*1,42d0000000000000*1 2a90000000000000*1,000d53f543f0e5fe
midpoint_964,2d24e5ef2a131901*1 29d0000000000000*1 0000000000000001*1,,2d24e5ef2a131902
cancel_965,7fefffffffffffff*222 000f8b3299e98668*1,7fefffffffffffff*222,000f8b3299e98668
overflow_966,7fc9e58ff3683431*1235,7fc9e58ff3683431*418,overflow
borrow_967,5c80000000000000*1 000ca17250626d0d*1 18d0000000000000*1,18d0000000000000*1 5c80000000000000*1,000ca17250626d0d
midpoint_968,27b96720544ee728*1 2460000000000000*1,,27b96720544ee728
cancel_969,7fefffffffffffff*1275 000c81e457d0d53e*1,7fefffffffffffff*1275,000c81e457d0d53e
overflow_970,7fe34a5e0a05102b*531,7fe34a5e0a05102b*218,overflow
borrow_971,5c10000000000000*1 0003a61971fd33de*1 7dd0000000000000*1,7dd0000000000000*1 5c10000000000000*1,0003a61971fd33de
midpoint_972,5dc6eb89c0252cb8*1 5a70000000000000*1,,5dc6eb89c0252cb8
cancel_973,7fefffffffffffff*617 000682c4185a91b7*1,7fefffffffffffff*617,000682c4185a91b7
overflow_974,7fda151b206ca0bd*846,7fda151b206ca0bd*291,overflow
borrow_975,71b0000000000000*1 00006864c65de645*1 6b70000000000000*1,6b70000000000000*1 71b0000000000000*1,00006864c65de645
midpoint_976,05700b24957df3cd*1 0220000000000000*1 0000000000000001*1,,05700b24957df3ce
cancel_977,7fefffffffffffff*1318 00036c118f0d0b87*1,7fefffffffffffff*1318,00036c118f0d0b87
overflow_978,7fe330a43dcbfa65*272,7fe330a43dcbfa65*143,overflow
borrow_979,3030000000000000*1 000ea70a6d523402*1 32d0000000000000*1,32d0000000000000*1 3030000000000000*1,000ea70a6d523402
midpoint_980,0b55408dace61134*1 0800000000000000*1,,0b55408dace61134
cancel_981,7fefffffffffffff*734 000e5ed6c6f774a7*1,7fefffffffffffff*734,000e5ed6c6f774a7
overflow_982,7fb1dd1ff81fda59*102,7fb1dd1ff81fda59*91,7fe8900bf52bcc3a
borrow_983,3b60000000000000*1 0004c2b715a30919*1 1390000000000000*1,1390000000000000*1 3b60000000000000*1,0004c2b715a30919
midpoint_984,683ab58f1691444e*1 64e0000000000000*1,,683ab58f1691444e
cancel_985,7fefffffffffffff*375 0007d003b337076f*1,7fefffffffffffff*375,0007d003b337076f
overflow_986,7fb2c61b27751d4b*573,7fb2c61b27751d4b*119,overflow
borrow_987,39d0000000000000*1 0007fdd9183e7df8*1 31d0000000000000*1,31d0000000000000*1 39d0000000000000*1,0007fdd9183e7df8
midpoint_988,5bac07e2a0535b3c*1 5850000000000000*1 0000000000000001*1,,5bac07e2a0535b3d
cancel_989,7fefffffffffffff*764 0009126ecc2a2fc0*1,7fefffffffffffff*764,0009126ecc2a2fc0
overflow_990,7fdfa49ed38b3949*1305,7fdfa49ed38b3949*1059,overflow
borrow_991,7950000000000000*1 000beb6c8c9e255e*1 5140000000000000*1,5140000000000000*1 7950000000000000*1,000beb6c8c9e255e
midpoint_992,6d6822fe0a5c2173*1 6a10000000000000*1,,6d6822fe0a5c2174
cancel_993,7fefffffffffffff*487 0007b6b299fbbe55*1,7fefffffffffffff*487,0007b6b299fbbe55
overflow_994,7fd293b92ef5319e*489,7fd293b92ef5319e*169,overflow
borrow_995,3980000000000000*1 000493fa2821b3dd*1 66a0000000000000*1,66a0000000000000*1 3980000000000000*1,000493fa2821b3dd
midpoint_996,3b25c6c7b1a37657*1 37d0000000000000*1 0000000000000001*1,,3b25c6c7b1a37658
cancel_997,7fefffffffffffff*491 000387e624336c39*1,7fefffffffffffff*491,000387e624336c39
overflow_998,7fda2a5b412c562d*160,7fda2a5b412c562d*44,overflow
borrow_999,0db0000000000000*1 0002076b62ae862b*1 3950000000000000*1,3950000000000000*1 0db0000000000000*1,0002076b62ae862b
